id,status,date,slug,link,title
34,publish,2025-07-02T00:27:41,paket-haji-plus-kabupaten-asahan,https://www.elharamainhaji.com/paket-haji-plus-kabupaten-asahan/,"0812-8729-2422, Paket Haji Plus Kabupaten Asahan"
35,publish,2025-07-03T06:54:31,paket-haji-plus-kabupaten-batu-bara,https://www.elharamainhaji.com/paket-haji-plus-kabupaten-batu-bara/,"0812-8729-2422, Paket Haji Plus Kabupaten Batu Bara"
36,publish,2025-07-03T07:17:25,paket-haji-plus-kabupaten-dairi,https://www.elharamainhaji.com/paket-haji-plus-kabupaten-dairi/,"0812-8729-2422, Paket Haji Plus Kabupaten Dairi"
37,publish,2025-07-03T00:54:51,paket-haji-plus-kabupaten-deli-serdang,https://www.elharamainhaji.com/paket-haji-plus-kabupaten-deli-serdang/,"0812-8729-2422, Paket Haji Plus Kabupaten Deli Serdang"
41,publish,2025-07-05T18:26:05,paket-haji-plus-kabupaten-labuhanbatu-selatan,https://www.elharamainhaji.com/paket-haji-plus-kabupaten-labuhanbatu-selatan/,"0812-8729-2422, Paket Haji Plus Kabupaten Labuhanbatu Selatan"
44,publish,2025-07-06T20:38:58,paket-haji-plus-kabupaten-mandailing-natal,https://www.elharamainhaji.com/paket-haji-plus-kabupaten-mandailing-natal/,"0812-8729-2422, Paket Haji Plus Kabupaten Mandailing Natal"
45,publish,2025-07-06T17:22:38,paket-haji-plus-kabupaten-nias,https://www.elharamainhaji.com/paket-haji-plus-kabupaten-nias/,"0812-8729-2422, Paket Haji Plus Kabupaten Nias"
50,publish,2025-07-08T18:37:41,paket-haji-plus-kabupaten-padang-lawas-utara,https://www.elharamainhaji.com/paket-haji-plus-kabupaten-padang-lawas-utara/,"0812-8729-2422, Paket Haji Plus Kabupaten Padang Lawas Utara"
51,publish,2025-07-08T09:46:16,paket-haji-plus-kabupaten-pakpak-bharat,https://www.elharamainhaji.com/paket-haji-plus-kabupaten-pakpak-bharat/,"0812-8729-2422, Paket Haji Plus Kabupaten Pakpak Bharat"
64,publish,2025-07-12T11:13:50,paket-haji-plus-kota-sibolga,https://www.elharamainhaji.com/paket-haji-plus-kota-sibolga/,"0812-8729-2422, Paket Haji Plus Kota Sibolga"
65,publish,2025-07-13T23:14:10,paket-haji-plus-kota-tanjungbalai,https://www.elharamainhaji.com/paket-haji-plus-kota-tanjungbalai/,"0812-8729-2422, Paket Haji Plus Kota Tanjungbalai"
66,publish,2025-07-13T01:28:20,paket-haji-plus-kota-tebing-tinggi,https://www.elharamainhaji.com/paket-haji-plus-kota-tebing-tinggi/,"0812-8729-2422, Paket Haji Plus Kota Tebing Tinggi"
106,publish,2025-07-26T08:41:01,paket-haji-plus-kabupaten-tebo,https://www.elharamainhaji.com/paket-haji-plus-kabupaten-tebo/,"0812-8729-2422, Paket Haji Plus Kabupaten Tebo"
107,publish,2025-07-27T18:11:24,paket-haji-plus-kota-jambi,https://www.elharamainhaji.com/paket-haji-plus-kota-jambi/,"0812-8729-2422, Paket Haji Plus Kota Jambi"
108,publish,2025-07-27T08:01:02,paket-haji-plus-kota-sungai-penuh,https://www.elharamainhaji.com/paket-haji-plus-kota-sungai-penuh/,"0812-8729-2422, Paket Haji Plus Kota Sungai Penuh"
109,publish,2025-07-27T08:47:43,paket-haji-plus-kabupaten-banyuasin,https://www.elharamainhaji.com/paket-haji-plus-kabupaten-banyuasin/,"0812-8729-2422, Paket Haji Plus Kabupaten Banyuasin"
110,publish,2025-07-28T15:56:45,paket-haji-plus-kabupaten-empat-lawang,https://www.elharamainhaji.com/paket-haji-plus-kabupaten-empat-lawang/,"0812-8729-2422, Paket Haji Plus Kabupaten Empat Lawang"
111,publish,2025-07-28T21:49:46,paket-haji-plus-kabupaten-lahat,https://www.elharamainhaji.com/paket-haji-plus-kabupaten-lahat/,"0812-8729-2422, Paket Haji Plus Kabupaten Lahat"
112,publish,2025-07-28T09:15:56,paket-haji-plus-kabupaten-muara-enim,https://www.elharamainhaji.com/paket-haji-plus-kabupaten-muara-enim/,"0812-8729-2422, Paket Haji Plus Kabupaten Muara Enim"
113,publish,2025-07-29T05:48:32,paket-haji-plus-kabupaten-musi-banyuasin,https://www.elharamainhaji.com/paket-haji-plus-kabupaten-musi-banyuasin/,"0812-8729-2422, Paket Haji Plus Kabupaten Musi Banyuasin"
114,publish,2025-07-29T03:44:49,paket-haji-plus-kabupaten-musi-rawas,https://www.elharamainhaji.com/paket-haji-plus-kabupaten-musi-rawas/,"0812-8729-2422, Paket Haji Plus Kabupaten Musi Rawas"
115,publish,2025-07-29T13:15:19,paket-haji-plus-kabupaten-musi-rawas-utara,https://www.elharamainhaji.com/paket-haji-plus-kabupaten-musi-rawas-utara/,"0812-8729-2422, Paket Haji Plus Kabupaten Musi Rawas Utara"
116,publish,2025-07-30T09:21:25,paket-haji-plus-kabupaten-ogan-ilir,https://www.elharamainhaji.com/paket-haji-plus-kabupaten-ogan-ilir/,"0812-8729-2422, Paket Haji Plus Kabupaten Ogan Ilir"
117,publish,2025-07-30T04:17:27,paket-haji-plus-kabupaten-ogan-komering-ilir,https://www.elharamainhaji.com/paket-haji-plus-kabupaten-ogan-komering-ilir/,"0812-8729-2422, Paket Haji Plus Kabupaten Ogan Komering Ilir"
118,publish,2025-07-30T17:08:18,paket-haji-plus-kabupaten-ogan-komering-ulu,https://www.elharamainhaji.com/paket-haji-plus-kabupaten-ogan-komering-ulu/,"0812-8729-2422, Paket Haji Plus Kabupaten Ogan Komering Ulu"
119,publish,2025-07-31T02:02:56,paket-haji-plus-kabupaten-ogan-komering-ulu-selatan,https://www.elharamainhaji.com/paket-haji-plus-kabupaten-ogan-komering-ulu-selatan/,"0812-8729-2422, Paket Haji Plus Kabupaten Ogan Komering Ulu Selatan"
120,publish,2025-07-31T23:29:12,paket-haji-plus-kabupaten-ogan-komering-ulu-timur,https://www.elharamainhaji.com/paket-haji-plus-kabupaten-ogan-komering-ulu-timur/,"0812-8729-2422, Paket Haji Plus Kabupaten Ogan Komering Ulu Timur"
121,publish,2025-07-31T19:18:15,paket-haji-plus-kabupaten-penukal-abab-lematang-ilir,https://www.elharamainhaji.com/paket-haji-plus-kabupaten-penukal-abab-lematang-ilir/,"0812-8729-2422, Paket Haji Plus Kabupaten Penukal Abab Lematang Ilir"
122,publish,2025-08-01T18:11:42,paket-haji-plus-kota-lubuklinggau,https://www.elharamainhaji.com/paket-haji-plus-kota-lubuklinggau/,"0812-8729-2422, Paket Haji Plus Kota Lubuklinggau"
123,publish,2025-08-01T04:51:26,paket-haji-plus-kota-pagar-alam,https://www.elharamainhaji.com/paket-haji-plus-kota-pagar-alam/,"0812-8729-2422, Paket Haji Plus Kota Pagar Alam"
132,publish,2025-08-04T15:52:47,paket-haji-plus-kabupaten-mukomuko,https://www.elharamainhaji.com/paket-haji-plus-kabupaten-mukomuko/,"0812-8729-2422, Paket Haji Plus Kabupaten Mukomuko"
134,publish,2025-08-05T02:38:48,paket-haji-plus-kabupaten-seluma,https://www.elharamainhaji.com/paket-haji-plus-kabupaten-seluma/,"0812-8729-2422, Paket Haji Plus Kabupaten Seluma"
135,publish,2025-08-05T07:34:22,paket-haji-plus-kota-bengkulu,https://www.elharamainhaji.com/paket-haji-plus-kota-bengkulu/,"0812-8729-2422, Paket Haji Plus Kota Bengkulu"
143,publish,2025-08-08T17:59:34,paket-haji-plus-kabupaten-pesisir-barat,https://www.elharamainhaji.com/paket-haji-plus-kabupaten-pesisir-barat/,"0812-8729-2422, Paket Haji Plus Kabupaten Pesisir Barat"
144,publish,2025-08-08T15:18:30,paket-haji-plus-kabupaten-pringsewu,https://www.elharamainhaji.com/paket-haji-plus-kabupaten-pringsewu/,"0812-8729-2422, Paket Haji Plus Kabupaten Pringsewu"
239,publish,2025-09-09T03:36:31,paket-haji-plus-kabupaten-banyuwangi,https://www.elharamainhaji.com/paket-haji-plus-kabupaten-banyuwangi/,"0812-8729-2422, Paket Haji Plus Kabupaten Banyuwangi"
248,publish,2025-09-12T22:11:37,paket-haji-plus-kabupaten-lumajang,https://www.elharamainhaji.com/paket-haji-plus-kabupaten-lumajang/,"0812-8729-2422, Paket Haji Plus Kabupaten Lumajang"
252,publish,2025-09-13T05:59:57,paket-haji-plus-kabupaten-mojokerto,https://www.elharamainhaji.com/paket-haji-plus-kabupaten-mojokerto/,"0812-8729-2422, Paket Haji Plus Kabupaten Mojokerto"
253,publish,2025-09-13T19:15:04,paket-haji-plus-kabupaten-nganjuk,https://www.elharamainhaji.com/paket-haji-plus-kabupaten-nganjuk/,"0812-8729-2422, Paket Haji Plus Kabupaten Nganjuk"
256,publish,2025-09-14T14:10:09,paket-haji-plus-kabupaten-pamekasan,https://www.elharamainhaji.com/paket-haji-plus-kabupaten-pamekasan/,"0812-8729-2422, Paket Haji Plus Kabupaten Pamekasan"
258,publish,2025-09-15T02:34:37,paket-haji-plus-kabupaten-ponorogo,https://www.elharamainhaji.com/paket-haji-plus-kabupaten-ponorogo/,"0812-8729-2422, Paket Haji Plus Kabupaten Ponorogo"
259,publish,2025-09-15T08:31:25,paket-haji-plus-kabupaten-probolinggo,https://www.elharamainhaji.com/paket-haji-plus-kabupaten-probolinggo/,"0812-8729-2422, Paket Haji Plus Kabupaten Probolinggo"
260,publish,2025-09-16T23:47:41,paket-haji-plus-kabupaten-sampang,https://www.elharamainhaji.com/paket-haji-plus-kabupaten-sampang/,"0812-8729-2422, Paket Haji Plus Kabupaten Sampang"
261,publish,2025-09-16T05:50:56,paket-haji-plus-kabupaten-sidoarjo,https://www.elharamainhaji.com/paket-haji-plus-kabupaten-sidoarjo/,"0812-8729-2422, Paket Haji Plus Kabupaten Sidoarjo"
262,publish,2025-09-16T14:35:16,paket-haji-plus-kabupaten-situbondo,https://www.elharamainhaji.com/paket-haji-plus-kabupaten-situbondo/,"0812-8729-2422, Paket Haji Plus Kabupaten Situbondo"
263,publish,2025-09-17T20:04:53,paket-haji-plus-kabupaten-sumenep,https://www.elharamainhaji.com/paket-haji-plus-kabupaten-sumenep/,"0812-8729-2422, Paket Haji Plus Kabupaten Sumenep"
264,publish,2025-09-17T07:51:15,paket-haji-plus-kabupaten-trenggalek,https://www.elharamainhaji.com/paket-haji-plus-kabupaten-trenggalek/,"0812-8729-2422, Paket Haji Plus Kabupaten Trenggalek"
265,publish,2025-09-17T11:33:40,paket-haji-plus-kabupaten-tuban,https://www.elharamainhaji.com/paket-haji-plus-kabupaten-tuban/,"0812-8729-2422, Paket Haji Plus Kabupaten Tuban"
266,publish,2025-09-18T11:29:31,paket-haji-plus-kabupaten-tulungagung,https://www.elharamainhaji.com/paket-haji-plus-kabupaten-tulungagung/,"0812-8729-2422, Paket Haji Plus Kabupaten Tulungagung"
267,publish,2025-09-18T21:36:25,paket-haji-plus-kota-batu,https://www.elharamainhaji.com/paket-haji-plus-kota-batu/,"0812-8729-2422, Paket Haji Plus Kota Batu"
268,publish,2025-09-18T15:17:05,paket-haji-plus-kota-blitar,https://www.elharamainhaji.com/paket-haji-plus-kota-blitar/,"0812-8729-2422, Paket Haji Plus Kota Blitar"
269,publish,2025-09-19T09:08:37,paket-haji-plus-kota-kediri,https://www.elharamainhaji.com/paket-haji-plus-kota-kediri/,"0812-8729-2422, Paket Haji Plus Kota Kediri"
270,publish,2025-09-19T12:13:42,paket-haji-plus-kota-madiun,https://www.elharamainhaji.com/paket-haji-plus-kota-madiun/,"0812-8729-2422, Paket Haji Plus Kota Madiun"
272,publish,2025-09-20T22:37:05,paket-haji-plus-kota-mojokerto,https://www.elharamainhaji.com/paket-haji-plus-kota-mojokerto/,"0812-8729-2422, Paket Haji Plus Kota Mojokerto"
280,publish,2025-09-22T21:08:54,paket-haji-plus-kota-cilegon,https://www.elharamainhaji.com/paket-haji-plus-kota-cilegon/,"0812-8729-2422, Paket Haji Plus Kota Cilegon"
284,publish,2025-09-24T09:23:56,paket-haji-plus-kabupaten-badung,https://www.elharamainhaji.com/paket-haji-plus-kabupaten-badung/,"0812-8729-2422, Paket Haji Plus Kabupaten Badung"
285,publish,2025-09-24T06:29:38,paket-haji-plus-kabupaten-bangli,https://www.elharamainhaji.com/paket-haji-plus-kabupaten-bangli/,"0812-8729-2422, Paket Haji Plus Kabupaten Bangli"
297,publish,2025-09-28T20:26:08,paket-haji-plus-kabupaten-lombok-timur,https://www.elharamainhaji.com/paket-haji-plus-kabupaten-lombok-timur/,"0812-8729-2422, Paket Haji Plus Kabupaten Lombok Timur"
351,publish,2025-10-16T10:10:38,paket-haji-plus-kabupaten-seruyan,https://www.elharamainhaji.com/paket-haji-plus-kabupaten-seruyan/,"0812-8729-2422, Paket Haji Plus Kabupaten Seruyan"
353,publish,2025-10-17T23:30:43,paket-haji-plus-kabupaten-balangan,https://www.elharamainhaji.com/paket-haji-plus-kabupaten-balangan/,"0812-8729-2422, Paket Haji Plus Kabupaten Balangan"
356,publish,2025-10-18T16:29:23,paket-haji-plus-kabupaten-hulu-sungai-selatan,https://www.elharamainhaji.com/paket-haji-plus-kabupaten-hulu-sungai-selatan/,"0812-8729-2422, Paket Haji Plus Kabupaten Hulu Sungai Selatan"
357,publish,2025-10-18T18:38:34,paket-haji-plus-kabupaten-hulu-sungai-tengah,https://www.elharamainhaji.com/paket-haji-plus-kabupaten-hulu-sungai-tengah/,"0812-8729-2422, Paket Haji Plus Kabupaten Hulu Sungai Tengah"
361,publish,2025-10-19T22:03:43,paket-haji-plus-kabupaten-tanah-bumbu,https://www.elharamainhaji.com/paket-haji-plus-kabupaten-tanah-bumbu/,"0812-8729-2422, Paket Haji Plus Kabupaten Tanah Bumbu"
371,publish,2025-10-23T04:22:43,paket-haji-plus-kabupaten-paser,https://www.elharamainhaji.com/paket-haji-plus-kabupaten-paser/,"0812-8729-2422, Paket Haji Plus Kabupaten Paser"
380,publish,2025-10-26T13:14:34,paket-haji-plus-kota-tarakan,https://www.elharamainhaji.com/paket-haji-plus-kota-tarakan/,"0812-8729-2422, Paket Haji Plus Kota Tarakan"
391,publish,2025-10-29T17:38:31,paket-haji-plus-kabupaten-minahasa-utara,https://www.elharamainhaji.com/paket-haji-plus-kabupaten-minahasa-utara/,"0812-8729-2422, Paket Haji Plus Kabupaten Minahasa Utara"
423,publish,2025-11-09T13:04:28,paket-haji-plus-kabupaten-sidenreng-rappang,https://www.elharamainhaji.com/paket-haji-plus-kabupaten-sidenreng-rappang/,"0812-8729-2422, Paket Haji Plus Kabupaten Sidenreng Rappang"
426,publish,2025-11-10T01:52:51,paket-haji-plus-kabupaten-takalar,https://www.elharamainhaji.com/paket-haji-plus-kabupaten-takalar/,"0812-8729-2422, Paket Haji Plus Kabupaten Takalar"
427,publish,2025-11-10T17:38:07,paket-haji-plus-kabupaten-tana-toraja,https://www.elharamainhaji.com/paket-haji-plus-kabupaten-tana-toraja/,"0812-8729-2422, Paket Haji Plus Kabupaten Tana Toraja"
428,publish,2025-11-11T06:06:46,paket-haji-plus-kabupaten-toraja-utara,https://www.elharamainhaji.com/paket-haji-plus-kabupaten-toraja-utara/,"0812-8729-2422, Paket Haji Plus Kabupaten Toraja Utara"
429,publish,2025-11-11T21:46:18,paket-haji-plus-kabupaten-wajo,https://www.elharamainhaji.com/paket-haji-plus-kabupaten-wajo/,"0812-8729-2422, Paket Haji Plus Kabupaten Wajo"
430,publish,2025-11-11T12:38:45,paket-haji-plus-kota-makassar,https://www.elharamainhaji.com/paket-haji-plus-kota-makassar/,"0812-8729-2422, Paket Haji Plus Kota Makassar"
431,publish,2025-11-12T17:00:27,paket-haji-plus-kota-palopo,https://www.elharamainhaji.com/paket-haji-plus-kota-palopo/,"0812-8729-2422, Paket Haji Plus Kota Palopo"
432,publish,2025-11-12T10:36:00,paket-haji-plus-kota-parepare,https://www.elharamainhaji.com/paket-haji-plus-kota-parepare/,"0812-8729-2422, Paket Haji Plus Kota Parepare"
433,publish,2025-11-12T09:05:57,paket-haji-plus-kabupaten-bombana,https://www.elharamainhaji.com/paket-haji-plus-kabupaten-bombana/,"0812-8729-2422, Paket Haji Plus Kabupaten Bombana"
434,publish,2025-11-13T18:38:37,paket-haji-plus-kabupaten-buton,https://www.elharamainhaji.com/paket-haji-plus-kabupaten-buton/,"0812-8729-2422, Paket Haji Plus Kabupaten Buton"
435,publish,2025-11-13T09:42:48,paket-haji-plus-kabupaten-buton-selatan,https://www.elharamainhaji.com/paket-haji-plus-kabupaten-buton-selatan/,"0812-8729-2422, Paket Haji Plus Kabupaten Buton Selatan"
436,publish,2025-11-13T10:53:02,paket-haji-plus-kabupaten-buton-tengah,https://www.elharamainhaji.com/paket-haji-plus-kabupaten-buton-tengah/,"0812-8729-2422, Paket Haji Plus Kabupaten Buton Tengah"
437,publish,2025-11-14T05:14:11,paket-haji-plus-kabupaten-buton-utara,https://www.elharamainhaji.com/paket-haji-plus-kabupaten-buton-utara/,"0812-8729-2422, Paket Haji Plus Kabupaten Buton Utara"
438,publish,2025-11-14T23:03:43,paket-haji-plus-kabupaten-kolaka,https://www.elharamainhaji.com/paket-haji-plus-kabupaten-kolaka/,"0812-8729-2422, Paket Haji Plus Kabupaten Kolaka"
439,publish,2025-11-14T04:28:12,paket-haji-plus-kabupaten-kolaka-timur,https://www.elharamainhaji.com/paket-haji-plus-kabupaten-kolaka-timur/,"0812-8729-2422, Paket Haji Plus Kabupaten Kolaka Timur"
440,publish,2025-11-15T23:27:31,paket-haji-plus-kabupaten-kolaka-utara,https://www.elharamainhaji.com/paket-haji-plus-kabupaten-kolaka-utara/,"0812-8729-2422, Paket Haji Plus Kabupaten Kolaka Utara"
441,publish,2025-11-15T03:10:04,paket-haji-plus-kabupaten-konawe,https://www.elharamainhaji.com/paket-haji-plus-kabupaten-konawe/,"0812-8729-2422, Paket Haji Plus Kabupaten Konawe"
442,publish,2025-11-15T19:44:20,paket-haji-plus-kabupaten-konawe-kepulauan,https://www.elharamainhaji.com/paket-haji-plus-kabupaten-konawe-kepulauan/,"0812-8729-2422, Paket Haji Plus Kabupaten Konawe Kepulauan"
443,publish,2025-11-16T15:32:21,paket-haji-plus-kabupaten-konawe-selatan,https://www.elharamainhaji.com/paket-haji-plus-kabupaten-konawe-selatan/,"0812-8729-2422, Paket Haji Plus Kabupaten Konawe Selatan"
444,publish,2025-11-16T15:01:40,paket-haji-plus-kabupaten-konawe-utara,https://www.elharamainhaji.com/paket-haji-plus-kabupaten-konawe-utara/,"0812-8729-2422, Paket Haji Plus Kabupaten Konawe Utara"
445,publish,2025-11-16T01:55:35,paket-haji-plus-kabupaten-muna,https://www.elharamainhaji.com/paket-haji-plus-kabupaten-muna/,"0812-8729-2422, Paket Haji Plus Kabupaten Muna"
446,publish,2025-11-17T12:03:28,paket-haji-plus-kabupaten-muna-barat,https://www.elharamainhaji.com/paket-haji-plus-kabupaten-muna-barat/,"0812-8729-2422, Paket Haji Plus Kabupaten Muna Barat"
447,publish,2025-11-17T01:50:47,paket-haji-plus-kabupaten-wakatobi,https://www.elharamainhaji.com/paket-haji-plus-kabupaten-wakatobi/,"0812-8729-2422, Paket Haji Plus Kabupaten Wakatobi"
448,publish,2025-11-17T22:31:46,paket-haji-plus-kota-baubau,https://www.elharamainhaji.com/paket-haji-plus-kota-baubau/,"0812-8729-2422, Paket Haji Plus Kota Baubau"
449,publish,2025-11-18T15:28:56,paket-haji-plus-kota-kendari,https://www.elharamainhaji.com/paket-haji-plus-kota-kendari/,"0812-8729-2422, Paket Haji Plus Kota Kendari"
450,publish,2025-11-18T09:00:12,paket-haji-plus-kabupaten-boalemo,https://www.elharamainhaji.com/paket-haji-plus-kabupaten-boalemo/,"0812-8729-2422, Paket Haji Plus Kabupaten Boalemo"
451,publish,2025-11-18T12:16:14,paket-haji-plus-kabupaten-bone-bolango,https://www.elharamainhaji.com/paket-haji-plus-kabupaten-bone-bolango/,"0812-8729-2422, Paket Haji Plus Kabupaten Bone Bolango"
452,publish,2025-11-19T06:15:21,paket-haji-plus-kabupaten-gorontalo,https://www.elharamainhaji.com/paket-haji-plus-kabupaten-gorontalo/,"0812-8729-2422, Paket Haji Plus Kabupaten Gorontalo"
453,publish,2025-11-19T23:25:14,paket-haji-plus-kabupaten-gorontalo-utara,https://www.elharamainhaji.com/paket-haji-plus-kabupaten-gorontalo-utara/,"0812-8729-2422, Paket Haji Plus Kabupaten Gorontalo Utara"
454,publish,2025-11-19T07:00:13,paket-haji-plus-kabupaten-pohuwato,https://www.elharamainhaji.com/paket-haji-plus-kabupaten-pohuwato/,"0812-8729-2422, Paket Haji Plus Kabupaten Pohuwato"
455,publish,2025-11-20T21:19:34,paket-haji-plus-kota-gorontalo,https://www.elharamainhaji.com/paket-haji-plus-kota-gorontalo/,"0812-8729-2422, Paket Haji Plus Kota Gorontalo"
456,publish,2025-11-20T09:45:06,paket-haji-plus-kabupaten-majene,https://www.elharamainhaji.com/paket-haji-plus-kabupaten-majene/,"0812-8729-2422, Paket Haji Plus Kabupaten Majene"
457,publish,2025-11-20T14:30:24,paket-haji-plus-kabupaten-mamasa,https://www.elharamainhaji.com/paket-haji-plus-kabupaten-mamasa/,"0812-8729-2422, Paket Haji Plus Kabupaten Mamasa"
458,publish,2025-11-21T01:06:50,paket-haji-plus-kabupaten-mamuju,https://www.elharamainhaji.com/paket-haji-plus-kabupaten-mamuju/,"0812-8729-2422, Paket Haji Plus Kabupaten Mamuju"
459,publish,2025-11-21T20:56:52,paket-haji-plus-kabupaten-mamuju-tengah,https://www.elharamainhaji.com/paket-haji-plus-kabupaten-mamuju-tengah/,"0812-8729-2422, Paket Haji Plus Kabupaten Mamuju Tengah"
460,publish,2025-11-21T05:33:17,paket-haji-plus-kabupaten-pasangkayu,https://www.elharamainhaji.com/paket-haji-plus-kabupaten-pasangkayu/,"0812-8729-2422, Paket Haji Plus Kabupaten Pasangkayu"
461,publish,2025-11-22T01:54:43,paket-haji-plus-kabupaten-polewali-mandar,https://www.elharamainhaji.com/paket-haji-plus-kabupaten-polewali-mandar/,"0812-8729-2422, Paket Haji Plus Kabupaten Polewali Mandar"
462,publish,2025-11-22T20:54:27,paket-haji-plus-kabupaten-buru,https://www.elharamainhaji.com/paket-haji-plus-kabupaten-buru/,"0812-8729-2422, Paket Haji Plus Kabupaten Buru"
463,publish,2025-11-22T18:09:51,paket-haji-plus-kabupaten-buru-selatan,https://www.elharamainhaji.com/paket-haji-plus-kabupaten-buru-selatan/,"0812-8729-2422, Paket Haji Plus Kabupaten Buru Selatan"
464,publish,2025-11-23T10:42:11,paket-haji-plus-kabupaten-kepulauan-aru,https://www.elharamainhaji.com/paket-haji-plus-kabupaten-kepulauan-aru/,"0812-8729-2422, Paket Haji Plus Kabupaten Kepulauan Aru"
465,publish,2025-11-23T07:48:32,paket-haji-plus-kabupaten-kepulauan-tanimbar,https://www.elharamainhaji.com/paket-haji-plus-kabupaten-kepulauan-tanimbar/,"0812-8729-2422, Paket Haji Plus Kabupaten Kepulauan Tanimbar"
466,publish,2025-11-23T17:40:53,paket-haji-plus-kabupaten-maluku-barat-daya,https://www.elharamainhaji.com/paket-haji-plus-kabupaten-maluku-barat-daya/,"0812-8729-2422, Paket Haji Plus Kabupaten Maluku Barat Daya"
467,publish,2025-11-24T08:19:15,paket-haji-plus-kabupaten-maluku-tengah,https://www.elharamainhaji.com/paket-haji-plus-kabupaten-maluku-tengah/,"0812-8729-2422, Paket Haji Plus Kabupaten Maluku Tengah"
468,publish,2025-11-24T04:26:44,paket-haji-plus-kabupaten-maluku-tenggara,https://www.elharamainhaji.com/paket-haji-plus-kabupaten-maluku-tenggara/,"0812-8729-2422, Paket Haji Plus Kabupaten Maluku Tenggara"
469,publish,2025-11-24T00:23:37,paket-haji-plus-kabupaten-seram-bagian-barat,https://www.elharamainhaji.com/paket-haji-plus-kabupaten-seram-bagian-barat/,"0812-8729-2422, Paket Haji Plus Kabupaten Seram Bagian Barat"
470,publish,2025-11-25T18:27:44,paket-haji-plus-kabupaten-seram-bagian-timur,https://www.elharamainhaji.com/paket-haji-plus-kabupaten-seram-bagian-timur/,"0812-8729-2422, Paket Haji Plus Kabupaten Seram Bagian Timur"
471,publish,2025-11-25T14:14:14,paket-haji-plus-kota-ambon,https://www.elharamainhaji.com/paket-haji-plus-kota-ambon/,"0812-8729-2422, Paket Haji Plus Kota Ambon"
472,publish,2025-11-25T20:28:30,paket-haji-plus-kota-tual,https://www.elharamainhaji.com/paket-haji-plus-kota-tual/,"0812-8729-2422, Paket Haji Plus Kota Tual"
473,publish,2025-11-26T19:42:12,paket-haji-plus-kabupaten-halmahera-barat,https://www.elharamainhaji.com/paket-haji-plus-kabupaten-halmahera-barat/,"0812-8729-2422, Paket Haji Plus Kabupaten Halmahera Barat"
474,publish,2025-11-26T17:21:30,paket-haji-plus-kabupaten-halmahera-tengah,https://www.elharamainhaji.com/paket-haji-plus-kabupaten-halmahera-tengah/,"0812-8729-2422, Paket Haji Plus Kabupaten Halmahera Tengah"
475,publish,2025-11-26T09:34:33,paket-haji-plus-kabupaten-halmahera-timur,https://www.elharamainhaji.com/paket-haji-plus-kabupaten-halmahera-timur/,"0812-8729-2422, Paket Haji Plus Kabupaten Halmahera Timur"
476,publish,2025-11-27T22:13:58,paket-haji-plus-kabupaten-halmahera-selatan,https://www.elharamainhaji.com/paket-haji-plus-kabupaten-halmahera-selatan/,"0812-8729-2422, Paket Haji Plus Kabupaten Halmahera Selatan"
477,publish,2025-11-27T06:35:58,paket-haji-plus-kabupaten-halmahera-utara,https://www.elharamainhaji.com/paket-haji-plus-kabupaten-halmahera-utara/,"0812-8729-2422, Paket Haji Plus Kabupaten Halmahera Utara"
478,publish,2025-11-27T10:44:14,paket-haji-plus-kabupaten-kepulauan-sula,https://www.elharamainhaji.com/paket-haji-plus-kabupaten-kepulauan-sula/,"0812-8729-2422, Paket Haji Plus Kabupaten Kepulauan Sula"
479,publish,2025-11-28T18:15:54,paket-haji-plus-kabupaten-pulau-morotai,https://www.elharamainhaji.com/paket-haji-plus-kabupaten-pulau-morotai/,"0812-8729-2422, Paket Haji Plus Kabupaten Pulau Morotai"
480,publish,2025-11-28T04:15:32,paket-haji-plus-kabupaten-pulau-taliabu,https://www.elharamainhaji.com/paket-haji-plus-kabupaten-pulau-taliabu/,"0812-8729-2422, Paket Haji Plus Kabupaten Pulau Taliabu"
481,publish,2025-11-28T16:56:32,paket-haji-plus-kota-ternate,https://www.elharamainhaji.com/paket-haji-plus-kota-ternate/,"0812-8729-2422, Paket Haji Plus Kota Ternate"
482,publish,2025-11-29T02:41:43,paket-haji-plus-kota-tidore-kepulauan,https://www.elharamainhaji.com/paket-haji-plus-kota-tidore-kepulauan/,"0812-8729-2422, Paket Haji Plus Kota Tidore Kepulauan"
483,publish,2025-11-29T02:23:28,paket-haji-plus-kabupaten-biak-numfor,https://www.elharamainhaji.com/paket-haji-plus-kabupaten-biak-numfor/,"0812-8729-2422, Paket Haji Plus Kabupaten Biak Numfor"
484,publish,2025-11-29T17:49:16,paket-haji-plus-kabupaten-jayapura,https://www.elharamainhaji.com/paket-haji-plus-kabupaten-jayapura/,"0812-8729-2422, Paket Haji Plus Kabupaten Jayapura"
485,publish,2025-11-30T09:57:22,paket-haji-plus-kabupaten-keerom,https://www.elharamainhaji.com/paket-haji-plus-kabupaten-keerom/,"0812-8729-2422, Paket Haji Plus Kabupaten Keerom"
486,publish,2025-11-30T17:11:13,paket-haji-plus-kabupaten-kepulauan-yapen,https://www.elharamainhaji.com/paket-haji-plus-kabupaten-kepulauan-yapen/,"0812-8729-2422, Paket Haji Plus Kabupaten Kepulauan Yapen"
487,publish,2025-11-30T21:19:43,paket-haji-plus-kabupaten-mamberamo-raya,https://www.elharamainhaji.com/paket-haji-plus-kabupaten-mamberamo-raya/,"0812-8729-2422, Paket Haji Plus Kabupaten Mamberamo Raya"
488,publish,2025-12-01T12:27:06,paket-haji-plus-kabupaten-sarmi,https://www.elharamainhaji.com/paket-haji-plus-kabupaten-sarmi/,"0812-8729-2422, Paket Haji Plus Kabupaten Sarmi"
489,publish,2025-12-01T01:11:33,paket-haji-plus-kabupaten-supiori,https://www.elharamainhaji.com/paket-haji-plus-kabupaten-supiori/,"0812-8729-2422, Paket Haji Plus Kabupaten Supiori"
490,publish,2025-12-01T16:19:41,paket-haji-plus-kabupaten-waropen,https://www.elharamainhaji.com/paket-haji-plus-kabupaten-waropen/,"0812-8729-2422, Paket Haji Plus Kabupaten Waropen"
491,publish,2025-12-02T07:09:49,paket-haji-plus-kota-jayapura,https://www.elharamainhaji.com/paket-haji-plus-kota-jayapura/,"0812-8729-2422, Paket Haji Plus Kota Jayapura"
492,publish,2025-12-02T06:00:26,paket-haji-plus-kabupaten-fakfak,https://www.elharamainhaji.com/paket-haji-plus-kabupaten-fakfak/,"0812-8729-2422, Paket Haji Plus Kabupaten Fakfak"
493,publish,2025-12-02T21:11:30,paket-haji-plus-kabupaten-kaimana,https://www.elharamainhaji.com/paket-haji-plus-kabupaten-kaimana/,"0812-8729-2422, Paket Haji Plus Kabupaten Kaimana"
494,publish,2025-12-03T10:30:39,paket-haji-plus-kabupaten-manokwari,https://www.elharamainhaji.com/paket-haji-plus-kabupaten-manokwari/,"0812-8729-2422, Paket Haji Plus Kabupaten Manokwari"
495,publish,2025-12-03T09:53:05,paket-haji-plus-kabupaten-manokwari-selatan,https://www.elharamainhaji.com/paket-haji-plus-kabupaten-manokwari-selatan/,"0812-8729-2422, Paket Haji Plus Kabupaten Manokwari Selatan"
496,publish,2025-12-03T12:04:25,paket-haji-plus-kabupaten-pegunungan-arfak,https://www.elharamainhaji.com/paket-haji-plus-kabupaten-pegunungan-arfak/,"0812-8729-2422, Paket Haji Plus Kabupaten Pegunungan Arfak"
497,publish,2025-12-04T21:27:22,paket-haji-plus-kabupaten-teluk-bintuni,https://www.elharamainhaji.com/paket-haji-plus-kabupaten-teluk-bintuni/,"0812-8729-2422, Paket Haji Plus Kabupaten Teluk Bintuni"
498,publish,2025-12-04T18:08:31,paket-haji-plus-kabupaten-teluk-wondama,https://www.elharamainhaji.com/paket-haji-plus-kabupaten-teluk-wondama/,"0812-8729-2422, Paket Haji Plus Kabupaten Teluk Wondama"
499,publish,2025-12-04T20:53:48,paket-haji-plus-kabupaten-asmat,https://www.elharamainhaji.com/paket-haji-plus-kabupaten-asmat/,"0812-8729-2422, Paket Haji Plus Kabupaten Asmat"
500,publish,2025-12-05T14:11:27,paket-haji-plus-kabupaten-boven-digoel,https://www.elharamainhaji.com/paket-haji-plus-kabupaten-boven-digoel/,"0812-8729-2422, Paket Haji Plus Kabupaten Boven Digoel"
501,publish,2025-12-05T16:48:36,paket-haji-plus-kabupaten-mappi,https://www.elharamainhaji.com/paket-haji-plus-kabupaten-mappi/,"0812-8729-2422, Paket Haji Plus Kabupaten Mappi"
502,publish,2025-12-05T05:04:24,paket-haji-plus-kabupaten-merauke,https://www.elharamainhaji.com/paket-haji-plus-kabupaten-merauke/,"0812-8729-2422, Paket Haji Plus Kabupaten Merauke"
503,publish,2025-12-06T01:06:24,paket-haji-plus-kabupaten-deiyai,https://www.elharamainhaji.com/paket-haji-plus-kabupaten-deiyai/,"0812-8729-2422, Paket Haji Plus Kabupaten Deiyai"
504,publish,2025-12-06T09:57:09,paket-haji-plus-kabupaten-dogiyai,https://www.elharamainhaji.com/paket-haji-plus-kabupaten-dogiyai/,"0812-8729-2422, Paket Haji Plus Kabupaten Dogiyai"
505,publish,2025-12-06T01:35:02,paket-haji-plus-kabupaten-intan-jaya,https://www.elharamainhaji.com/paket-haji-plus-kabupaten-intan-jaya/,"0812-8729-2422, Paket Haji Plus Kabupaten Intan Jaya"
506,publish,2025-12-07T10:07:36,paket-haji-plus-kabupaten-mimika,https://www.elharamainhaji.com/paket-haji-plus-kabupaten-mimika/,"0812-8729-2422, Paket Haji Plus Kabupaten Mimika"
507,publish,2025-12-07T09:30:16,paket-haji-plus-kabupaten-nabire,https://www.elharamainhaji.com/paket-haji-plus-kabupaten-nabire/,"0812-8729-2422, Paket Haji Plus Kabupaten Nabire"
508,publish,2025-12-07T10:28:08,paket-haji-plus-kabupaten-paniai,https://www.elharamainhaji.com/paket-haji-plus-kabupaten-paniai/,"0812-8729-2422, Paket Haji Plus Kabupaten Paniai"
509,publish,2025-12-08T02:17:17,paket-haji-plus-kabupaten-puncak,https://www.elharamainhaji.com/paket-haji-plus-kabupaten-puncak/,"0812-8729-2422, Paket Haji Plus Kabupaten Puncak"
510,publish,2025-12-08T12:55:55,paket-haji-plus-kabupaten-puncak-jaya,https://www.elharamainhaji.com/paket-haji-plus-kabupaten-puncak-jaya/,"0812-8729-2422, Paket Haji Plus Kabupaten Puncak Jaya"
511,publish,2025-12-08T13:30:47,paket-haji-plus-kabupaten-jayawijaya,https://www.elharamainhaji.com/paket-haji-plus-kabupaten-jayawijaya/,"0812-8729-2422, Paket Haji Plus Kabupaten Jayawijaya"
512,publish,2025-12-09T13:54:01,paket-haji-plus-kabupaten-lanny-jaya,https://www.elharamainhaji.com/paket-haji-plus-kabupaten-lanny-jaya/,"0812-8729-2422, Paket Haji Plus Kabupaten Lanny Jaya"
513,publish,2025-12-09T22:25:00,paket-haji-plus-kabupaten-mamberamo-tengah,https://www.elharamainhaji.com/paket-haji-plus-kabupaten-mamberamo-tengah/,"0812-8729-2422, Paket Haji Plus Kabupaten Mamberamo Tengah"
514,publish,2025-12-09T13:50:58,paket-haji-plus-kabupaten-nduga,https://www.elharamainhaji.com/paket-haji-plus-kabupaten-nduga/,"0812-8729-2422, Paket Haji Plus Kabupaten Nduga"
515,publish,2025-12-10T18:33:14,paket-haji-plus-kabupaten-pegunungan-bintang,https://www.elharamainhaji.com/paket-haji-plus-kabupaten-pegunungan-bintang/,"0812-8729-2422, Paket Haji Plus Kabupaten Pegunungan Bintang"
516,publish,2025-12-10T16:42:35,paket-haji-plus-kabupaten-tolikara,https://www.elharamainhaji.com/paket-haji-plus-kabupaten-tolikara/,"0812-8729-2422, Paket Haji Plus Kabupaten Tolikara"
517,publish,2025-12-10T19:09:11,paket-haji-plus-kabupaten-yalimo,https://www.elharamainhaji.com/paket-haji-plus-kabupaten-yalimo/,"0812-8729-2422, Paket Haji Plus Kabupaten Yalimo"
518,publish,2025-12-11T11:59:13,paket-haji-plus-kabupaten-yahukimo,https://www.elharamainhaji.com/paket-haji-plus-kabupaten-yahukimo/,"0812-8729-2422, Paket Haji Plus Kabupaten Yahukimo"
519,publish,2025-12-11T23:44:32,paket-haji-plus-kabupaten-maybrat,https://www.elharamainhaji.com/paket-haji-plus-kabupaten-maybrat/,"0812-8729-2422, Paket Haji Plus Kabupaten Maybrat"
520,publish,2025-12-11T16:52:54,paket-haji-plus-kabupaten-raja-ampat,https://www.elharamainhaji.com/paket-haji-plus-kabupaten-raja-ampat/,"0812-8729-2422, Paket Haji Plus Kabupaten Raja Ampat"
523,publish,2025-12-12T12:20:29,paket-haji-plus-kabupaten-tambrauw,https://www.elharamainhaji.com/paket-haji-plus-kabupaten-tambrauw/,"0812-8729-2422, Paket Haji Plus Kabupaten Tambrauw"
600,publish,2025-12-13T11:29:20,travel-haji-khusus-kabupaten-aceh-barat,https://www.elharamainhaji.com/travel-haji-khusus-kabupaten-aceh-barat/,"0812-8729-2422, Travel Haji Khusus Kabupaten Aceh Barat"
601,publish,2025-12-13T05:14:46,travel-haji-khusus-kabupaten-aceh-barat-daya,https://www.elharamainhaji.com/travel-haji-khusus-kabupaten-aceh-barat-daya/,"0812-8729-2422, Travel Haji Khusus Kabupaten Aceh Barat Daya"
602,publish,2025-12-13T07:56:03,travel-haji-khusus-kabupaten-aceh-besar,https://www.elharamainhaji.com/travel-haji-khusus-kabupaten-aceh-besar/,"0812-8729-2422, Travel Haji Khusus Kabupaten Aceh Besar"
603,publish,2025-12-14T04:33:21,travel-haji-khusus-kabupaten-aceh-jaya,https://www.elharamainhaji.com/travel-haji-khusus-kabupaten-aceh-jaya/,"0812-8729-2422, Travel Haji Khusus Kabupaten Aceh Jaya"
604,publish,2025-12-14T19:09:12,travel-haji-khusus-kabupaten-aceh-selatan,https://www.elharamainhaji.com/travel-haji-khusus-kabupaten-aceh-selatan/,"0812-8729-2422, Travel Haji Khusus Kabupaten Aceh Selatan"
605,publish,2025-12-14T10:50:26,travel-haji-khusus-kabupaten-aceh-singkil,https://www.elharamainhaji.com/travel-haji-khusus-kabupaten-aceh-singkil/,"0812-8729-2422, Travel Haji Khusus Kabupaten Aceh Singkil"
606,publish,2025-12-15T00:15:15,travel-haji-khusus-kabupaten-aceh-tamiang,https://www.elharamainhaji.com/travel-haji-khusus-kabupaten-aceh-tamiang/,"0812-8729-2422, Travel Haji Khusus Kabupaten Aceh Tamiang"
607,publish,2025-12-15T18:21:51,travel-haji-khusus-kabupaten-aceh-tengah,https://www.elharamainhaji.com/travel-haji-khusus-kabupaten-aceh-tengah/,"0812-8729-2422, Travel Haji Khusus Kabupaten Aceh Tengah"
608,publish,2025-12-15T08:31:48,travel-haji-khusus-kabupaten-aceh-tenggara,https://www.elharamainhaji.com/travel-haji-khusus-kabupaten-aceh-tenggara/,"0812-8729-2422, Travel Haji Khusus Kabupaten Aceh Tenggara"
609,publish,2025-12-16T19:27:41,travel-haji-khusus-kabupaten-aceh-timur,https://www.elharamainhaji.com/travel-haji-khusus-kabupaten-aceh-timur/,"0812-8729-2422, Travel Haji Khusus Kabupaten Aceh Timur"
610,publish,2025-12-16T15:37:13,travel-haji-khusus-kabupaten-aceh-utara,https://www.elharamainhaji.com/travel-haji-khusus-kabupaten-aceh-utara/,"0812-8729-2422, Travel Haji Khusus Kabupaten Aceh Utara"
611,publish,2025-12-16T01:49:57,travel-haji-khusus-kabupaten-bener-meriah,https://www.elharamainhaji.com/travel-haji-khusus-kabupaten-bener-meriah/,"0812-8729-2422, Travel Haji Khusus Kabupaten Bener Meriah"
612,publish,2025-12-17T08:49:02,travel-haji-khusus-kabupaten-bireuen,https://www.elharamainhaji.com/travel-haji-khusus-kabupaten-bireuen/,"0812-8729-2422, Travel Haji Khusus Kabupaten Bireuen"
613,publish,2025-12-17T04:58:13,travel-haji-khusus-kabupaten-gayo-lues,https://www.elharamainhaji.com/travel-haji-khusus-kabupaten-gayo-lues/,"0812-8729-2422, Travel Haji Khusus Kabupaten Gayo Lues"
614,publish,2025-12-17T06:20:13,travel-haji-khusus-kabupaten-nagan-raya,https://www.elharamainhaji.com/travel-haji-khusus-kabupaten-nagan-raya/,"0812-8729-2422, Travel Haji Khusus Kabupaten Nagan Raya"
615,publish,2025-12-18T08:24:27,travel-haji-khusus-kabupaten-pidie,https://www.elharamainhaji.com/travel-haji-khusus-kabupaten-pidie/,"0812-8729-2422, Travel Haji Khusus Kabupaten Pidie"
616,publish,2025-12-18T14:45:19,travel-haji-khusus-kabupaten-pidie-jaya,https://www.elharamainhaji.com/travel-haji-khusus-kabupaten-pidie-jaya/,"0812-8729-2422, Travel Haji Khusus Kabupaten Pidie Jaya"
617,publish,2025-12-18T12:54:06,travel-haji-khusus-kabupaten-simeulue,https://www.elharamainhaji.com/travel-haji-khusus-kabupaten-simeulue/,"0812-8729-2422, Travel Haji Khusus Kabupaten Simeulue"
618,publish,2025-12-19T14:54:05,travel-haji-khusus-kota-banda-aceh,https://www.elharamainhaji.com/travel-haji-khusus-kota-banda-aceh/,"0812-8729-2422, Travel Haji Khusus Kota Banda Aceh"
619,publish,2025-12-19T20:48:16,travel-haji-khusus-kota-langsa,https://www.elharamainhaji.com/travel-haji-khusus-kota-langsa/,"0812-8729-2422, Travel Haji Khusus Kota Langsa"
620,publish,2025-12-19T13:48:25,travel-haji-khusus-kota-lhokseumawe,https://www.elharamainhaji.com/travel-haji-khusus-kota-lhokseumawe/,"0812-8729-2422, Travel Haji Khusus Kota Lhokseumawe"
621,publish,2025-12-20T11:30:41,travel-haji-khusus-kota-sabang,https://www.elharamainhaji.com/travel-haji-khusus-kota-sabang/,"0812-8729-2422, Travel Haji Khusus Kota Sabang"
622,publish,2025-12-20T11:47:20,travel-haji-khusus-kota-subulussalam,https://www.elharamainhaji.com/travel-haji-khusus-kota-subulussalam/,"0812-8729-2422, Travel Haji Khusus Kota Subulussalam"
623,publish,2025-12-20T15:30:47,travel-haji-khusus-kabupaten-asahan,https://www.elharamainhaji.com/travel-haji-khusus-kabupaten-asahan/,"0812-8729-2422, Travel Haji Khusus Kabupaten Asahan"
624,publish,2025-12-21T07:59:59,travel-haji-khusus-kabupaten-batu-bara,https://www.elharamainhaji.com/travel-haji-khusus-kabupaten-batu-bara/,"0812-8729-2422, Travel Haji Khusus Kabupaten Batu Bara"
625,publish,2025-12-21T01:29:17,travel-haji-khusus-kabupaten-dairi,https://www.elharamainhaji.com/travel-haji-khusus-kabupaten-dairi/,"0812-8729-2422, Travel Haji Khusus Kabupaten Dairi"
626,publish,2025-12-21T10:29:39,travel-haji-khusus-kabupaten-deli-serdang,https://www.elharamainhaji.com/travel-haji-khusus-kabupaten-deli-serdang/,"0812-8729-2422, Travel Haji Khusus Kabupaten Deli Serdang"
627,publish,2025-12-22T15:09:19,travel-haji-khusus-kabupaten-humbang-hasundutan,https://www.elharamainhaji.com/travel-haji-khusus-kabupaten-humbang-hasundutan/,"0812-8729-2422, Travel Haji Khusus Kabupaten Humbang Hasundutan"
628,publish,2025-12-22T11:53:25,travel-haji-khusus-kabupaten-karo,https://www.elharamainhaji.com/travel-haji-khusus-kabupaten-karo/,"0812-8729-2422, Travel Haji Khusus Kabupaten Karo"
629,publish,2025-12-22T23:42:56,travel-haji-khusus-kabupaten-labuhanbatu,https://www.elharamainhaji.com/travel-haji-khusus-kabupaten-labuhanbatu/,"0812-8729-2422, Travel Haji Khusus Kabupaten Labuhanbatu"
630,publish,2025-12-23T18:58:34,travel-haji-khusus-kabupaten-labuhanbatu-selatan,https://www.elharamainhaji.com/travel-haji-khusus-kabupaten-labuhanbatu-selatan/,"0812-8729-2422, Travel Haji Khusus Kabupaten Labuhanbatu Selatan"
631,publish,2025-12-23T10:43:10,travel-haji-khusus-kabupaten-labuhanbatu-utara,https://www.elharamainhaji.com/travel-haji-khusus-kabupaten-labuhanbatu-utara/,"0812-8729-2422, Travel Haji Khusus Kabupaten Labuhanbatu Utara"
632,publish,2025-12-23T06:44:39,travel-haji-khusus-kabupaten-langkat,https://www.elharamainhaji.com/travel-haji-khusus-kabupaten-langkat/,"0812-8729-2422, Travel Haji Khusus Kabupaten Langkat"
633,publish,2025-12-24T08:54:17,travel-haji-khusus-kabupaten-mandailing-natal,https://www.elharamainhaji.com/travel-haji-khusus-kabupaten-mandailing-natal/,"0812-8729-2422, Travel Haji Khusus Kabupaten Mandailing Natal"
634,publish,2025-12-24T21:40:13,travel-haji-khusus-kabupaten-nias,https://www.elharamainhaji.com/travel-haji-khusus-kabupaten-nias/,"0812-8729-2422, Travel Haji Khusus Kabupaten Nias"
635,publish,2025-12-24T17:40:39,travel-haji-khusus-kabupaten-nias-barat,https://www.elharamainhaji.com/travel-haji-khusus-kabupaten-nias-barat/,"0812-8729-2422, Travel Haji Khusus Kabupaten Nias Barat"
636,publish,2025-12-25T09:56:29,travel-haji-khusus-kabupaten-nias-selatan,https://www.elharamainhaji.com/travel-haji-khusus-kabupaten-nias-selatan/,"0812-8729-2422, Travel Haji Khusus Kabupaten Nias Selatan"
637,publish,2025-12-25T15:14:20,travel-haji-khusus-kabupaten-nias-utara,https://www.elharamainhaji.com/travel-haji-khusus-kabupaten-nias-utara/,"0812-8729-2422, Travel Haji Khusus Kabupaten Nias Utara"
638,publish,2025-12-25T21:41:36,travel-haji-khusus-kabupaten-padang-lawas,https://www.elharamainhaji.com/travel-haji-khusus-kabupaten-padang-lawas/,"0812-8729-2422, Travel Haji Khusus Kabupaten Padang Lawas"
639,publish,2025-12-26T22:38:42,travel-haji-khusus-kabupaten-padang-lawas-utara,https://www.elharamainhaji.com/travel-haji-khusus-kabupaten-padang-lawas-utara/,"0812-8729-2422, Travel Haji Khusus Kabupaten Padang Lawas Utara"
640,publish,2025-12-26T03:08:11,travel-haji-khusus-kabupaten-pakpak-bharat,https://www.elharamainhaji.com/travel-haji-khusus-kabupaten-pakpak-bharat/,"0812-8729-2422, Travel Haji Khusus Kabupaten Pakpak Bharat"
641,publish,2025-12-26T05:05:06,travel-haji-khusus-kabupaten-samosir,https://www.elharamainhaji.com/travel-haji-khusus-kabupaten-samosir/,"0812-8729-2422, Travel Haji Khusus Kabupaten Samosir"
642,publish,2025-12-27T03:24:53,travel-haji-khusus-kabupaten-serdang-bedagai,https://www.elharamainhaji.com/travel-haji-khusus-kabupaten-serdang-bedagai/,"0812-8729-2422, Travel Haji Khusus Kabupaten Serdang Bedagai"
643,publish,2025-12-27T21:19:47,travel-haji-khusus-kabupaten-simalungun,https://www.elharamainhaji.com/travel-haji-khusus-kabupaten-simalungun/,"0812-8729-2422, Travel Haji Khusus Kabupaten Simalungun"
644,publish,2025-12-27T18:50:33,travel-haji-khusus-kabupaten-tapanuli-selatan,https://www.elharamainhaji.com/travel-haji-khusus-kabupaten-tapanuli-selatan/,"0812-8729-2422, Travel Haji Khusus Kabupaten Tapanuli Selatan"
645,publish,2025-12-28T17:45:08,travel-haji-khusus-kabupaten-tapanuli-tengah,https://www.elharamainhaji.com/travel-haji-khusus-kabupaten-tapanuli-tengah/,"0812-8729-2422, Travel Haji Khusus Kabupaten Tapanuli Tengah"
646,publish,2025-12-28T17:47:40,travel-haji-khusus-kabupaten-tapanuli-utara,https://www.elharamainhaji.com/travel-haji-khusus-kabupaten-tapanuli-utara/,"0812-8729-2422, Travel Haji Khusus Kabupaten Tapanuli Utara"
647,publish,2025-12-28T05:16:30,travel-haji-khusus-kabupaten-toba,https://www.elharamainhaji.com/travel-haji-khusus-kabupaten-toba/,"0812-8729-2422, Travel Haji Khusus Kabupaten Toba"
648,publish,2025-12-29T22:10:08,travel-haji-khusus-kota-binjai,https://www.elharamainhaji.com/travel-haji-khusus-kota-binjai/,"0812-8729-2422, Travel Haji Khusus Kota Binjai"
649,publish,2025-12-29T08:37:52,travel-haji-khusus-kota-gunungsitoli,https://www.elharamainhaji.com/travel-haji-khusus-kota-gunungsitoli/,"0812-8729-2422, Travel Haji Khusus Kota Gunungsitoli"
650,publish,2025-12-29T23:05:39,travel-haji-khusus-kota-medan,https://www.elharamainhaji.com/travel-haji-khusus-kota-medan/,"0812-8729-2422, Travel Haji Khusus Kota Medan"
651,publish,2025-12-30T23:10:51,travel-haji-khusus-kota-padang-sidempuan,https://www.elharamainhaji.com/travel-haji-khusus-kota-padang-sidempuan/,"0812-8729-2422, Travel Haji Khusus Kota Padang Sidempuan"
652,publish,2025-12-30T06:25:47,travel-haji-khusus-kota-pematangsiantar,https://www.elharamainhaji.com/travel-haji-khusus-kota-pematangsiantar/,"0812-8729-2422, Travel Haji Khusus Kota Pematangsiantar"
653,publish,2025-12-30T16:17:20,travel-haji-khusus-kota-sibolga,https://www.elharamainhaji.com/travel-haji-khusus-kota-sibolga/,"0812-8729-2422, Travel Haji Khusus Kota Sibolga"
654,publish,2025-12-31T07:25:28,travel-haji-khusus-kota-tanjungbalai,https://www.elharamainhaji.com/travel-haji-khusus-kota-tanjungbalai/,"0812-8729-2422, Travel Haji Khusus Kota Tanjungbalai"
655,publish,2025-12-31T00:59:01,travel-haji-khusus-kota-tebing-tinggi,https://www.elharamainhaji.com/travel-haji-khusus-kota-tebing-tinggi/,"0812-8729-2422, Travel Haji Khusus Kota Tebing Tinggi"
656,publish,2025-12-31T08:14:29,travel-haji-khusus-kabupaten-agam,https://www.elharamainhaji.com/travel-haji-khusus-kabupaten-agam/,"0812-8729-2422, Travel Haji Khusus Kabupaten Agam"
657,publish,2026-01-01T03:01:44,travel-haji-khusus-kabupaten-dharmasraya,https://www.elharamainhaji.com/travel-haji-khusus-kabupaten-dharmasraya/,"0812-8729-2422, Travel Haji Khusus Kabupaten Dharmasraya"
658,publish,2026-01-01T21:55:31,travel-haji-khusus-kabupaten-kepulauan-mentawai,https://www.elharamainhaji.com/travel-haji-khusus-kabupaten-kepulauan-mentawai/,"0812-8729-2422, Travel Haji Khusus Kabupaten Kepulauan Mentawai"
659,publish,2026-01-01T02:38:52,travel-haji-khusus-kabupaten-lima-puluh-kota,https://www.elharamainhaji.com/travel-haji-khusus-kabupaten-lima-puluh-kota/,"0812-8729-2422, Travel Haji Khusus Kabupaten Lima Puluh Kota"
660,publish,2026-01-02T00:46:30,travel-haji-khusus-kabupaten-padang-pariaman,https://www.elharamainhaji.com/travel-haji-khusus-kabupaten-padang-pariaman/,"0812-8729-2422, Travel Haji Khusus Kabupaten Padang Pariaman"
661,publish,2026-01-02T18:32:30,travel-haji-khusus-kabupaten-pasaman,https://www.elharamainhaji.com/travel-haji-khusus-kabupaten-pasaman/,"0812-8729-2422, Travel Haji Khusus Kabupaten Pasaman"
662,publish,2026-01-02T16:42:49,travel-haji-khusus-kabupaten-pasaman-barat,https://www.elharamainhaji.com/travel-haji-khusus-kabupaten-pasaman-barat/,"0812-8729-2422, Travel Haji Khusus Kabupaten Pasaman Barat"
663,publish,2026-01-03T01:30:15,travel-haji-khusus-kabupaten-pesisir-selatan,https://www.elharamainhaji.com/travel-haji-khusus-kabupaten-pesisir-selatan/,"0812-8729-2422, Travel Haji Khusus Kabupaten Pesisir Selatan"
664,publish,2026-01-03T00:42:59,travel-haji-khusus-kabupaten-sijunjung,https://www.elharamainhaji.com/travel-haji-khusus-kabupaten-sijunjung/,"0812-8729-2422, Travel Haji Khusus Kabupaten Sijunjung"
665,publish,2026-01-03T21:26:18,travel-haji-khusus-kabupaten-solok,https://www.elharamainhaji.com/travel-haji-khusus-kabupaten-solok/,"0812-8729-2422, Travel Haji Khusus Kabupaten Solok"
666,publish,2026-01-04T23:31:08,travel-haji-khusus-kabupaten-solok-selatan,https://www.elharamainhaji.com/travel-haji-khusus-kabupaten-solok-selatan/,"0812-8729-2422, Travel Haji Khusus Kabupaten Solok Selatan"
667,publish,2026-01-04T20:00:36,travel-haji-khusus-kabupaten-tanah-datar,https://www.elharamainhaji.com/travel-haji-khusus-kabupaten-tanah-datar/,"0812-8729-2422, Travel Haji Khusus Kabupaten Tanah Datar"
668,publish,2026-01-04T07:49:54,travel-haji-khusus-kota-bukittinggi,https://www.elharamainhaji.com/travel-haji-khusus-kota-bukittinggi/,"0812-8729-2422, Travel Haji Khusus Kota Bukittinggi"
669,publish,2026-01-05T13:03:51,travel-haji-khusus-kota-padang,https://www.elharamainhaji.com/travel-haji-khusus-kota-padang/,"0812-8729-2422, Travel Haji Khusus Kota Padang"
670,publish,2026-01-05T01:05:39,travel-haji-khusus-kota-padang-panjang,https://www.elharamainhaji.com/travel-haji-khusus-kota-padang-panjang/,"0812-8729-2422, Travel Haji Khusus Kota Padang Panjang"
671,publish,2026-01-05T23:48:51,travel-haji-khusus-kota-pariaman,https://www.elharamainhaji.com/travel-haji-khusus-kota-pariaman/,"0812-8729-2422, Travel Haji Khusus Kota Pariaman"
672,publish,2026-01-06T18:17:57,travel-haji-khusus-kota-payakumbuh,https://www.elharamainhaji.com/travel-haji-khusus-kota-payakumbuh/,"0812-8729-2422, Travel Haji Khusus Kota Payakumbuh"
673,publish,2026-01-06T14:02:11,travel-haji-khusus-kota-sawahlunto,https://www.elharamainhaji.com/travel-haji-khusus-kota-sawahlunto/,"0812-8729-2422, Travel Haji Khusus Kota Sawahlunto"
674,publish,2026-01-06T09:01:51,travel-haji-khusus-kota-solok,https://www.elharamainhaji.com/travel-haji-khusus-kota-solok/,"0812-8729-2422, Travel Haji Khusus Kota Solok"
675,publish,2026-01-07T16:26:37,travel-haji-khusus-kabupaten-bengkalis,https://www.elharamainhaji.com/travel-haji-khusus-kabupaten-bengkalis/,"0812-8729-2422, Travel Haji Khusus Kabupaten Bengkalis"
676,publish,2026-01-07T01:18:00,travel-haji-khusus-kabupaten-indragiri-hilir,https://www.elharamainhaji.com/travel-haji-khusus-kabupaten-indragiri-hilir/,"0812-8729-2422, Travel Haji Khusus Kabupaten Indragiri Hilir"
677,publish,2026-01-07T15:20:19,travel-haji-khusus-kabupaten-indragiri-hulu,https://www.elharamainhaji.com/travel-haji-khusus-kabupaten-indragiri-hulu/,"0812-8729-2422, Travel Haji Khusus Kabupaten Indragiri Hulu"
678,publish,2026-01-08T05:58:54,travel-haji-khusus-kabupaten-kampar,https://www.elharamainhaji.com/travel-haji-khusus-kabupaten-kampar/,"0812-8729-2422, Travel Haji Khusus Kabupaten Kampar"
679,publish,2026-01-08T01:24:27,travel-haji-khusus-kabupaten-kepulauan-meranti,https://www.elharamainhaji.com/travel-haji-khusus-kabupaten-kepulauan-meranti/,"0812-8729-2422, Travel Haji Khusus Kabupaten Kepulauan Meranti"
680,publish,2026-01-08T04:34:18,travel-haji-khusus-kabupaten-kuantan-singingi,https://www.elharamainhaji.com/travel-haji-khusus-kabupaten-kuantan-singingi/,"0812-8729-2422, Travel Haji Khusus Kabupaten Kuantan Singingi"
681,publish,2026-01-09T20:32:59,travel-haji-khusus-kabupaten-pelalawan,https://www.elharamainhaji.com/travel-haji-khusus-kabupaten-pelalawan/,"0812-8729-2422, Travel Haji Khusus Kabupaten Pelalawan"
682,publish,2026-01-09T22:56:19,travel-haji-khusus-kabupaten-rokan-hilir,https://www.elharamainhaji.com/travel-haji-khusus-kabupaten-rokan-hilir/,"0812-8729-2422, Travel Haji Khusus Kabupaten Rokan Hilir"
683,publish,2026-01-09T07:17:00,travel-haji-khusus-kabupaten-rokan-hulu,https://www.elharamainhaji.com/travel-haji-khusus-kabupaten-rokan-hulu/,"0812-8729-2422, Travel Haji Khusus Kabupaten Rokan Hulu"
684,publish,2026-01-10T06:46:54,travel-haji-khusus-kabupaten-siak,https://www.elharamainhaji.com/travel-haji-khusus-kabupaten-siak/,"0812-8729-2422, Travel Haji Khusus Kabupaten Siak"
685,publish,2026-01-10T18:48:35,travel-haji-khusus-kota-dumai,https://www.elharamainhaji.com/travel-haji-khusus-kota-dumai/,"0812-8729-2422, Travel Haji Khusus Kota Dumai"
686,publish,2026-01-10T04:27:09,travel-haji-khusus-kota-pekanbaru,https://www.elharamainhaji.com/travel-haji-khusus-kota-pekanbaru/,"0812-8729-2422, Travel Haji Khusus Kota Pekanbaru"
687,publish,2026-01-11T10:51:57,travel-haji-khusus-kabupaten-batanghari,https://www.elharamainhaji.com/travel-haji-khusus-kabupaten-batanghari/,"0812-8729-2422, Travel Haji Khusus Kabupaten Batanghari"
688,publish,2026-01-11T16:51:12,travel-haji-khusus-kabupaten-bungo,https://www.elharamainhaji.com/travel-haji-khusus-kabupaten-bungo/,"0812-8729-2422, Travel Haji Khusus Kabupaten Bungo"
689,publish,2026-01-11T06:05:29,travel-haji-khusus-kabupaten-kerinci,https://www.elharamainhaji.com/travel-haji-khusus-kabupaten-kerinci/,"0812-8729-2422, Travel Haji Khusus Kabupaten Kerinci"
690,publish,2026-01-12T19:29:40,travel-haji-khusus-kabupaten-merangin,https://www.elharamainhaji.com/travel-haji-khusus-kabupaten-merangin/,"0812-8729-2422, Travel Haji Khusus Kabupaten Merangin"
691,publish,2026-01-12T20:10:05,travel-haji-khusus-kabupaten-muaro-jambi,https://www.elharamainhaji.com/travel-haji-khusus-kabupaten-muaro-jambi/,"0812-8729-2422, Travel Haji Khusus Kabupaten Muaro Jambi"
692,publish,2026-01-12T20:59:48,travel-haji-khusus-kabupaten-sarolangun,https://www.elharamainhaji.com/travel-haji-khusus-kabupaten-sarolangun/,"0812-8729-2422, Travel Haji Khusus Kabupaten Sarolangun"
693,publish,2026-01-13T16:18:31,travel-haji-khusus-kabupaten-tanjung-jabung-barat,https://www.elharamainhaji.com/travel-haji-khusus-kabupaten-tanjung-jabung-barat/,"0812-8729-2422, Travel Haji Khusus Kabupaten Tanjung Jabung Barat"
694,publish,2026-01-13T23:09:41,travel-haji-khusus-kabupaten-tanjung-jabung-timur,https://www.elharamainhaji.com/travel-haji-khusus-kabupaten-tanjung-jabung-timur/,"0812-8729-2422, Travel Haji Khusus Kabupaten Tanjung Jabung Timur"
695,publish,2026-01-13T16:42:09,travel-haji-khusus-kabupaten-tebo,https://www.elharamainhaji.com/travel-haji-khusus-kabupaten-tebo/,"0812-8729-2422, Travel Haji Khusus Kabupaten Tebo"
696,publish,2026-01-14T01:43:27,travel-haji-khusus-kota-jambi,https://www.elharamainhaji.com/travel-haji-khusus-kota-jambi/,"0812-8729-2422, Travel Haji Khusus Kota Jambi"
697,publish,2026-01-14T16:29:41,travel-haji-khusus-kota-sungai-penuh,https://www.elharamainhaji.com/travel-haji-khusus-kota-sungai-penuh/,"0812-8729-2422, Travel Haji Khusus Kota Sungai Penuh"
698,publish,2026-01-14T05:10:34,travel-haji-khusus-kabupaten-banyuasin,https://www.elharamainhaji.com/travel-haji-khusus-kabupaten-banyuasin/,"0812-8729-2422, Travel Haji Khusus Kabupaten Banyuasin"
699,publish,2026-01-15T09:18:53,travel-haji-khusus-kabupaten-empat-lawang,https://www.elharamainhaji.com/travel-haji-khusus-kabupaten-empat-lawang/,"0812-8729-2422, Travel Haji Khusus Kabupaten Empat Lawang"
700,publish,2026-01-15T06:18:11,travel-haji-khusus-kabupaten-lahat,https://www.elharamainhaji.com/travel-haji-khusus-kabupaten-lahat/,"0812-8729-2422, Travel Haji Khusus Kabupaten Lahat"
701,publish,2026-01-15T16:22:35,travel-haji-khusus-kabupaten-muara-enim,https://www.elharamainhaji.com/travel-haji-khusus-kabupaten-muara-enim/,"0812-8729-2422, Travel Haji Khusus Kabupaten Muara Enim"
702,publish,2026-01-16T20:45:19,travel-haji-khusus-kabupaten-musi-banyuasin,https://www.elharamainhaji.com/travel-haji-khusus-kabupaten-musi-banyuasin/,"0812-8729-2422, Travel Haji Khusus Kabupaten Musi Banyuasin"
703,publish,2026-01-16T22:05:05,travel-haji-khusus-kabupaten-musi-rawas,https://www.elharamainhaji.com/travel-haji-khusus-kabupaten-musi-rawas/,"0812-8729-2422, Travel Haji Khusus Kabupaten Musi Rawas"
704,publish,2026-01-16T16:08:32,travel-haji-khusus-kabupaten-musi-rawas-utara,https://www.elharamainhaji.com/travel-haji-khusus-kabupaten-musi-rawas-utara/,"0812-8729-2422, Travel Haji Khusus Kabupaten Musi Rawas Utara"
705,publish,2026-01-17T17:24:51,travel-haji-khusus-kabupaten-ogan-ilir,https://www.elharamainhaji.com/travel-haji-khusus-kabupaten-ogan-ilir/,"0812-8729-2422, Travel Haji Khusus Kabupaten Ogan Ilir"
706,publish,2026-01-17T14:21:55,travel-haji-khusus-kabupaten-ogan-komering-ilir,https://www.elharamainhaji.com/travel-haji-khusus-kabupaten-ogan-komering-ilir/,"0812-8729-2422, Travel Haji Khusus Kabupaten Ogan Komering Ilir"
707,publish,2026-01-17T11:05:35,travel-haji-khusus-kabupaten-ogan-komering-ulu,https://www.elharamainhaji.com/travel-haji-khusus-kabupaten-ogan-komering-ulu/,"0812-8729-2422, Travel Haji Khusus Kabupaten Ogan Komering Ulu"
708,publish,2026-01-18T14:58:47,travel-haji-khusus-kabupaten-ogan-komering-ulu-selatan,https://www.elharamainhaji.com/travel-haji-khusus-kabupaten-ogan-komering-ulu-selatan/,"0812-8729-2422, Travel Haji Khusus Kabupaten Ogan Komering Ulu Selatan"
709,publish,2026-01-18T19:58:33,travel-haji-khusus-kabupaten-ogan-komering-ulu-timur,https://www.elharamainhaji.com/travel-haji-khusus-kabupaten-ogan-komering-ulu-timur/,"0812-8729-2422, Travel Haji Khusus Kabupaten Ogan Komering Ulu Timur"
710,publish,2026-01-18T14:45:35,travel-haji-khusus-kabupaten-penukal-abab-lematang-ilir,https://www.elharamainhaji.com/travel-haji-khusus-kabupaten-penukal-abab-lematang-ilir/,"0812-8729-2422, Travel Haji Khusus Kabupaten Penukal Abab Lematang Ilir"
711,publish,2026-01-19T16:26:41,travel-haji-khusus-kota-lubuklinggau,https://www.elharamainhaji.com/travel-haji-khusus-kota-lubuklinggau/,"0812-8729-2422, Travel Haji Khusus Kota Lubuklinggau"
712,publish,2026-01-19T02:16:03,travel-haji-khusus-kota-pagar-alam,https://www.elharamainhaji.com/travel-haji-khusus-kota-pagar-alam/,"0812-8729-2422, Travel Haji Khusus Kota Pagar Alam"
713,publish,2026-01-19T15:14:47,travel-haji-khusus-kota-palembang,https://www.elharamainhaji.com/travel-haji-khusus-kota-palembang/,"0812-8729-2422, Travel Haji Khusus Kota Palembang"
714,publish,2026-01-20T02:44:44,travel-haji-khusus-kota-prabumulih,https://www.elharamainhaji.com/travel-haji-khusus-kota-prabumulih/,"0812-8729-2422, Travel Haji Khusus Kota Prabumulih"
715,publish,2026-01-20T17:57:44,travel-haji-khusus-kabupaten-bengkulu-selatan,https://www.elharamainhaji.com/travel-haji-khusus-kabupaten-bengkulu-selatan/,"0812-8729-2422, Travel Haji Khusus Kabupaten Bengkulu Selatan"
716,publish,2026-01-20T04:21:13,travel-haji-khusus-kabupaten-bengkulu-tengah,https://www.elharamainhaji.com/travel-haji-khusus-kabupaten-bengkulu-tengah/,"0812-8729-2422, Travel Haji Khusus Kabupaten Bengkulu Tengah"
717,publish,2026-01-21T22:10:46,travel-haji-khusus-kabupaten-bengkulu-utara,https://www.elharamainhaji.com/travel-haji-khusus-kabupaten-bengkulu-utara/,"0812-8729-2422, Travel Haji Khusus Kabupaten Bengkulu Utara"
718,publish,2026-01-21T06:18:45,travel-haji-khusus-kabupaten-kaur,https://www.elharamainhaji.com/travel-haji-khusus-kabupaten-kaur/,"0812-8729-2422, Travel Haji Khusus Kabupaten Kaur"
719,publish,2026-01-21T17:18:34,travel-haji-khusus-kabupaten-kepahiang,https://www.elharamainhaji.com/travel-haji-khusus-kabupaten-kepahiang/,"0812-8729-2422, Travel Haji Khusus Kabupaten Kepahiang"
720,publish,2026-01-22T22:03:19,travel-haji-khusus-kabupaten-lebong,https://www.elharamainhaji.com/travel-haji-khusus-kabupaten-lebong/,"0812-8729-2422, Travel Haji Khusus Kabupaten Lebong"
721,publish,2026-01-22T06:10:54,travel-haji-khusus-kabupaten-mukomuko,https://www.elharamainhaji.com/travel-haji-khusus-kabupaten-mukomuko/,"0812-8729-2422, Travel Haji Khusus Kabupaten Mukomuko"
722,publish,2026-01-22T15:43:14,travel-haji-khusus-kabupaten-rejang-lebong,https://www.elharamainhaji.com/travel-haji-khusus-kabupaten-rejang-lebong/,"0812-8729-2422, Travel Haji Khusus Kabupaten Rejang Lebong"
723,publish,2026-01-23T09:30:01,travel-haji-khusus-kabupaten-seluma,https://www.elharamainhaji.com/travel-haji-khusus-kabupaten-seluma/,"0812-8729-2422, Travel Haji Khusus Kabupaten Seluma"
724,publish,2026-01-23T21:55:04,travel-haji-khusus-kota-bengkulu,https://www.elharamainhaji.com/travel-haji-khusus-kota-bengkulu/,"0812-8729-2422, Travel Haji Khusus Kota Bengkulu"
725,publish,2026-01-23T22:03:38,travel-haji-khusus-kabupaten-lampung-barat,https://www.elharamainhaji.com/travel-haji-khusus-kabupaten-lampung-barat/,"0812-8729-2422, Travel Haji Khusus Kabupaten Lampung Barat"
726,publish,2026-01-24T17:59:44,travel-haji-khusus-kabupaten-lampung-selatan,https://www.elharamainhaji.com/travel-haji-khusus-kabupaten-lampung-selatan/,"0812-8729-2422, Travel Haji Khusus Kabupaten Lampung Selatan"
727,publish,2026-01-24T01:39:46,travel-haji-khusus-kabupaten-lampung-tengah,https://www.elharamainhaji.com/travel-haji-khusus-kabupaten-lampung-tengah/,"0812-8729-2422, Travel Haji Khusus Kabupaten Lampung Tengah"
728,publish,2026-01-24T08:27:46,travel-haji-khusus-kabupaten-lampung-timur,https://www.elharamainhaji.com/travel-haji-khusus-kabupaten-lampung-timur/,"0812-8729-2422, Travel Haji Khusus Kabupaten Lampung Timur"
729,publish,2026-01-25T07:16:34,travel-haji-khusus-kabupaten-lampung-utara,https://www.elharamainhaji.com/travel-haji-khusus-kabupaten-lampung-utara/,"0812-8729-2422, Travel Haji Khusus Kabupaten Lampung Utara"
730,publish,2026-01-25T08:08:44,travel-haji-khusus-kabupaten-mesuji,https://www.elharamainhaji.com/travel-haji-khusus-kabupaten-mesuji/,"0812-8729-2422, Travel Haji Khusus Kabupaten Mesuji"
731,publish,2026-01-25T23:33:19,travel-haji-khusus-kabupaten-pesawaran,https://www.elharamainhaji.com/travel-haji-khusus-kabupaten-pesawaran/,"0812-8729-2422, Travel Haji Khusus Kabupaten Pesawaran"
732,publish,2026-01-26T21:54:48,travel-haji-khusus-kabupaten-pesisir-barat,https://www.elharamainhaji.com/travel-haji-khusus-kabupaten-pesisir-barat/,"0812-8729-2422, Travel Haji Khusus Kabupaten Pesisir Barat"
733,publish,2026-01-26T10:19:09,travel-haji-khusus-kabupaten-pringsewu,https://www.elharamainhaji.com/travel-haji-khusus-kabupaten-pringsewu/,"0812-8729-2422, Travel Haji Khusus Kabupaten Pringsewu"
734,publish,2026-01-26T20:10:43,travel-haji-khusus-kabupaten-tanggamus,https://www.elharamainhaji.com/travel-haji-khusus-kabupaten-tanggamus/,"0812-8729-2422, Travel Haji Khusus Kabupaten Tanggamus"
735,publish,2026-01-27T02:57:22,travel-haji-khusus-kabupaten-tulang-bawang,https://www.elharamainhaji.com/travel-haji-khusus-kabupaten-tulang-bawang/,"0812-8729-2422, Travel Haji Khusus Kabupaten Tulang Bawang"
736,publish,2026-01-27T04:04:14,travel-haji-khusus-kabupaten-tulang-bawang-barat,https://www.elharamainhaji.com/travel-haji-khusus-kabupaten-tulang-bawang-barat/,"0812-8729-2422, Travel Haji Khusus Kabupaten Tulang Bawang Barat"
737,publish,2026-01-27T20:36:00,travel-haji-khusus-kabupaten-way-kanan,https://www.elharamainhaji.com/travel-haji-khusus-kabupaten-way-kanan/,"0812-8729-2422, Travel Haji Khusus Kabupaten Way Kanan"
738,publish,2026-01-28T03:11:16,travel-haji-khusus-kota-bandar-lampung,https://www.elharamainhaji.com/travel-haji-khusus-kota-bandar-lampung/,"0812-8729-2422, Travel Haji Khusus Kota Bandar Lampung"
739,publish,2026-01-28T22:41:44,travel-haji-khusus-kota-metro,https://www.elharamainhaji.com/travel-haji-khusus-kota-metro/,"0812-8729-2422, Travel Haji Khusus Kota Metro"
740,publish,2026-01-28T22:17:06,travel-haji-khusus-kabupaten-bangka,https://www.elharamainhaji.com/travel-haji-khusus-kabupaten-bangka/,"0812-8729-2422, Travel Haji Khusus Kabupaten Bangka"
741,publish,2026-01-29T13:36:38,travel-haji-khusus-kabupaten-bangka-barat,https://www.elharamainhaji.com/travel-haji-khusus-kabupaten-bangka-barat/,"0812-8729-2422, Travel Haji Khusus Kabupaten Bangka Barat"
742,publish,2026-01-29T12:00:37,travel-haji-khusus-kabupaten-bangka-selatan,https://www.elharamainhaji.com/travel-haji-khusus-kabupaten-bangka-selatan/,"0812-8729-2422, Travel Haji Khusus Kabupaten Bangka Selatan"
743,publish,2026-01-29T01:11:56,travel-haji-khusus-kabupaten-bangka-tengah,https://www.elharamainhaji.com/travel-haji-khusus-kabupaten-bangka-tengah/,"0812-8729-2422, Travel Haji Khusus Kabupaten Bangka Tengah"
744,publish,2026-01-30T13:53:00,travel-haji-khusus-kabupaten-belitung,https://www.elharamainhaji.com/travel-haji-khusus-kabupaten-belitung/,"0812-8729-2422, Travel Haji Khusus Kabupaten Belitung"
745,publish,2026-01-30T05:06:32,travel-haji-khusus-kabupaten-belitung-timur,https://www.elharamainhaji.com/travel-haji-khusus-kabupaten-belitung-timur/,"0812-8729-2422, Travel Haji Khusus Kabupaten Belitung Timur"
746,publish,2026-01-30T18:59:39,travel-haji-khusus-kota-pangkalpinang,https://www.elharamainhaji.com/travel-haji-khusus-kota-pangkalpinang/,"0812-8729-2422, Travel Haji Khusus Kota Pangkalpinang"
747,publish,2026-01-31T21:10:24,travel-haji-khusus-kabupaten-bintan,https://www.elharamainhaji.com/travel-haji-khusus-kabupaten-bintan/,"0812-8729-2422, Travel Haji Khusus Kabupaten Bintan"
748,publish,2026-01-31T16:54:21,travel-haji-khusus-kabupaten-karimun,https://www.elharamainhaji.com/travel-haji-khusus-kabupaten-karimun/,"0812-8729-2422, Travel Haji Khusus Kabupaten Karimun"
749,publish,2026-01-31T16:41:44,travel-haji-khusus-kabupaten-kepulauan-anambas,https://www.elharamainhaji.com/travel-haji-khusus-kabupaten-kepulauan-anambas/,"0812-8729-2422, Travel Haji Khusus Kabupaten Kepulauan Anambas"
750,publish,2026-02-01T06:34:23,travel-haji-khusus-kabupaten-lingga,https://www.elharamainhaji.com/travel-haji-khusus-kabupaten-lingga/,"0812-8729-2422, Travel Haji Khusus Kabupaten Lingga"
751,publish,2026-02-01T14:31:35,travel-haji-khusus-kabupaten-natuna,https://www.elharamainhaji.com/travel-haji-khusus-kabupaten-natuna/,"0812-8729-2422, Travel Haji Khusus Kabupaten Natuna"
752,publish,2026-02-01T16:44:33,travel-haji-khusus-kota-batam,https://www.elharamainhaji.com/travel-haji-khusus-kota-batam/,"0812-8729-2422, Travel Haji Khusus Kota Batam"
753,publish,2026-02-02T23:44:03,travel-haji-khusus-kota-tanjungpinang,https://www.elharamainhaji.com/travel-haji-khusus-kota-tanjungpinang/,"0812-8729-2422, Travel Haji Khusus Kota Tanjungpinang"
754,publish,2026-02-02T09:12:53,travel-haji-khusus-kabuapaten-administrasi-kepulauan-seribu,https://www.elharamainhaji.com/travel-haji-khusus-kabuapaten-administrasi-kepulauan-seribu/,"0812-8729-2422, Travel Haji Khusus Kabuapaten Administrasi Kepulauan Seribu"
755,publish,2026-02-02T03:23:01,travel-haji-khusus-kota-administrasi-jakarta-barat,https://www.elharamainhaji.com/travel-haji-khusus-kota-administrasi-jakarta-barat/,"0812-8729-2422, Travel Haji Khusus Kota Administrasi Jakarta Barat"
756,publish,2026-02-03T23:06:53,travel-haji-khusus-kota-administrasi-jakarta-pusat,https://www.elharamainhaji.com/travel-haji-khusus-kota-administrasi-jakarta-pusat/,"0812-8729-2422, Travel Haji Khusus Kota Administrasi Jakarta Pusat"
757,publish,2026-02-03T02:03:47,travel-haji-khusus-kota-administrasi-jakarta-selatan,https://www.elharamainhaji.com/travel-haji-khusus-kota-administrasi-jakarta-selatan/,"0812-8729-2422, Travel Haji Khusus Kota Administrasi Jakarta Selatan"
758,publish,2026-02-03T03:32:00,travel-haji-khusus-kota-administrasi-jakarta-timur,https://www.elharamainhaji.com/travel-haji-khusus-kota-administrasi-jakarta-timur/,"0812-8729-2422, Travel Haji Khusus Kota Administrasi Jakarta Timur"
759,publish,2026-02-04T21:36:20,travel-haji-khusus-kota-administrasi-jakarta-utara,https://www.elharamainhaji.com/travel-haji-khusus-kota-administrasi-jakarta-utara/,"0812-8729-2422, Travel Haji Khusus Kota Administrasi Jakarta Utara"
760,publish,2026-02-04T10:11:51,travel-haji-khusus-kabupaten-bandung,https://www.elharamainhaji.com/travel-haji-khusus-kabupaten-bandung/,"0812-8729-2422, Travel Haji Khusus Kabupaten Bandung"
761,publish,2026-02-04T00:30:38,travel-haji-khusus-kabupaten-bandung-barat,https://www.elharamainhaji.com/travel-haji-khusus-kabupaten-bandung-barat/,"0812-8729-2422, Travel Haji Khusus Kabupaten Bandung Barat"
762,publish,2026-02-05T09:49:37,travel-haji-khusus-kabupaten-bekasi,https://www.elharamainhaji.com/travel-haji-khusus-kabupaten-bekasi/,"0812-8729-2422, Travel Haji Khusus Kabupaten Bekasi"
763,publish,2026-02-05T17:02:49,travel-haji-khusus-kabupaten-bogor,https://www.elharamainhaji.com/travel-haji-khusus-kabupaten-bogor/,"0812-8729-2422, Travel Haji Khusus Kabupaten Bogor"
764,publish,2026-02-05T17:52:45,travel-haji-khusus-kabupaten-ciamis,https://www.elharamainhaji.com/travel-haji-khusus-kabupaten-ciamis/,"0812-8729-2422, Travel Haji Khusus Kabupaten Ciamis"
765,publish,2026-02-06T07:13:47,travel-haji-khusus-kabupaten-cianjur,https://www.elharamainhaji.com/travel-haji-khusus-kabupaten-cianjur/,"0812-8729-2422, Travel Haji Khusus Kabupaten Cianjur"
766,publish,2026-02-06T17:29:53,travel-haji-khusus-kabupaten-cirebon,https://www.elharamainhaji.com/travel-haji-khusus-kabupaten-cirebon/,"0812-8729-2422, Travel Haji Khusus Kabupaten Cirebon"
767,publish,2026-02-06T18:42:27,travel-haji-khusus-kabupaten-garut,https://www.elharamainhaji.com/travel-haji-khusus-kabupaten-garut/,"0812-8729-2422, Travel Haji Khusus Kabupaten Garut"
768,publish,2026-02-07T13:38:55,travel-haji-khusus-kabupaten-indramayu,https://www.elharamainhaji.com/travel-haji-khusus-kabupaten-indramayu/,"0812-8729-2422, Travel Haji Khusus Kabupaten Indramayu"
769,publish,2026-02-07T00:18:42,travel-haji-khusus-kabupaten-karawang,https://www.elharamainhaji.com/travel-haji-khusus-kabupaten-karawang/,"0812-8729-2422, Travel Haji Khusus Kabupaten Karawang"
770,publish,2026-02-07T19:15:54,travel-haji-khusus-kabupaten-kuningan,https://www.elharamainhaji.com/travel-haji-khusus-kabupaten-kuningan/,"0812-8729-2422, Travel Haji Khusus Kabupaten Kuningan"
771,publish,2026-02-08T04:17:11,travel-haji-khusus-kabupaten-majalengka,https://www.elharamainhaji.com/travel-haji-khusus-kabupaten-majalengka/,"0812-8729-2422, Travel Haji Khusus Kabupaten Majalengka"
772,publish,2026-02-08T20:10:02,travel-haji-khusus-kabupaten-pangandaran,https://www.elharamainhaji.com/travel-haji-khusus-kabupaten-pangandaran/,"0812-8729-2422, Travel Haji Khusus Kabupaten Pangandaran"
773,publish,2026-02-08T07:12:39,travel-haji-khusus-kabupaten-purwakarta,https://www.elharamainhaji.com/travel-haji-khusus-kabupaten-purwakarta/,"0812-8729-2422, Travel Haji Khusus Kabupaten Purwakarta"
774,publish,2026-02-09T23:05:46,travel-haji-khusus-kabupaten-subang,https://www.elharamainhaji.com/travel-haji-khusus-kabupaten-subang/,"0812-8729-2422, Travel Haji Khusus Kabupaten Subang"
775,publish,2026-02-09T16:29:45,travel-haji-khusus-kabupaten-sukabumi,https://www.elharamainhaji.com/travel-haji-khusus-kabupaten-sukabumi/,"0812-8729-2422, Travel Haji Khusus Kabupaten Sukabumi"
776,publish,2026-02-09T01:05:23,travel-haji-khusus-kabupaten-sumedang,https://www.elharamainhaji.com/travel-haji-khusus-kabupaten-sumedang/,"0812-8729-2422, Travel Haji Khusus Kabupaten Sumedang"
777,publish,2026-02-10T02:33:31,travel-haji-khusus-kabupaten-tasikmalaya,https://www.elharamainhaji.com/travel-haji-khusus-kabupaten-tasikmalaya/,"0812-8729-2422, Travel Haji Khusus Kabupaten Tasikmalaya"
778,publish,2026-02-10T10:41:22,travel-haji-khusus-kota-bandung,https://www.elharamainhaji.com/travel-haji-khusus-kota-bandung/,"0812-8729-2422, Travel Haji Khusus Kota Bandung"
779,publish,2026-02-10T16:34:20,travel-haji-khusus-kota-banjar,https://www.elharamainhaji.com/travel-haji-khusus-kota-banjar/,"0812-8729-2422, Travel Haji Khusus Kota Banjar"
780,publish,2026-02-11T06:30:24,travel-haji-khusus-kota-bekasi,https://www.elharamainhaji.com/travel-haji-khusus-kota-bekasi/,"0812-8729-2422, Travel Haji Khusus Kota Bekasi"
781,publish,2026-02-11T16:17:47,travel-haji-khusus-kota-bogor,https://www.elharamainhaji.com/travel-haji-khusus-kota-bogor/,"0812-8729-2422, Travel Haji Khusus Kota Bogor"
782,publish,2026-02-11T23:45:29,travel-haji-khusus-kota-cimahi,https://www.elharamainhaji.com/travel-haji-khusus-kota-cimahi/,"0812-8729-2422, Travel Haji Khusus Kota Cimahi"
783,publish,2026-02-12T15:36:09,travel-haji-khusus-kota-cirebon,https://www.elharamainhaji.com/travel-haji-khusus-kota-cirebon/,"0812-8729-2422, Travel Haji Khusus Kota Cirebon"
784,publish,2026-02-12T01:49:12,travel-haji-khusus-kota-depok,https://www.elharamainhaji.com/travel-haji-khusus-kota-depok/,"0812-8729-2422, Travel Haji Khusus Kota Depok"
785,publish,2026-02-12T13:31:49,travel-haji-khusus-kota-sukabumi,https://www.elharamainhaji.com/travel-haji-khusus-kota-sukabumi/,"0812-8729-2422, Travel Haji Khusus Kota Sukabumi"
786,publish,2026-02-13T22:16:17,travel-haji-khusus-kota-tasikmalaya,https://www.elharamainhaji.com/travel-haji-khusus-kota-tasikmalaya/,"0812-8729-2422, Travel Haji Khusus Kota Tasikmalaya"
787,publish,2026-02-13T09:09:22,travel-haji-khusus-kabupaten-banjarnegara,https://www.elharamainhaji.com/travel-haji-khusus-kabupaten-banjarnegara/,"0812-8729-2422, Travel Haji Khusus Kabupaten Banjarnegara"
788,publish,2026-02-13T04:12:38,travel-haji-khusus-kabupaten-banyumas,https://www.elharamainhaji.com/travel-haji-khusus-kabupaten-banyumas/,"0812-8729-2422, Travel Haji Khusus Kabupaten Banyumas"
789,publish,2026-02-14T13:28:13,travel-haji-khusus-kabupaten-batang,https://www.elharamainhaji.com/travel-haji-khusus-kabupaten-batang/,"0812-8729-2422, Travel Haji Khusus Kabupaten Batang"
790,publish,2026-02-14T07:15:04,travel-haji-khusus-kabupaten-blora,https://www.elharamainhaji.com/travel-haji-khusus-kabupaten-blora/,"0812-8729-2422, Travel Haji Khusus Kabupaten Blora"
791,publish,2026-02-14T19:42:58,travel-haji-khusus-kabupaten-boyolali,https://www.elharamainhaji.com/travel-haji-khusus-kabupaten-boyolali/,"0812-8729-2422, Travel Haji Khusus Kabupaten Boyolali"
792,publish,2026-02-15T13:10:58,travel-haji-khusus-kabupaten-brebes,https://www.elharamainhaji.com/travel-haji-khusus-kabupaten-brebes/,"0812-8729-2422, Travel Haji Khusus Kabupaten Brebes"
793,publish,2026-02-15T11:27:36,travel-haji-khusus-kabupaten-cilacap,https://www.elharamainhaji.com/travel-haji-khusus-kabupaten-cilacap/,"0812-8729-2422, Travel Haji Khusus Kabupaten Cilacap"
794,publish,2026-02-15T10:04:22,travel-haji-khusus-kabupaten-demak,https://www.elharamainhaji.com/travel-haji-khusus-kabupaten-demak/,"0812-8729-2422, Travel Haji Khusus Kabupaten Demak"
795,publish,2026-02-16T22:30:41,travel-haji-khusus-kabupaten-grobogan,https://www.elharamainhaji.com/travel-haji-khusus-kabupaten-grobogan/,"0812-8729-2422, Travel Haji Khusus Kabupaten Grobogan"
796,publish,2026-02-16T05:57:24,travel-haji-khusus-kabupaten-jepara,https://www.elharamainhaji.com/travel-haji-khusus-kabupaten-jepara/,"0812-8729-2422, Travel Haji Khusus Kabupaten Jepara"
797,publish,2026-02-16T03:26:36,travel-haji-khusus-kabupaten-karanganyar,https://www.elharamainhaji.com/travel-haji-khusus-kabupaten-karanganyar/,"0812-8729-2422, Travel Haji Khusus Kabupaten Karanganyar"
798,publish,2026-02-17T17:56:52,travel-haji-khusus-kabupaten-kebumen,https://www.elharamainhaji.com/travel-haji-khusus-kabupaten-kebumen/,"0812-8729-2422, Travel Haji Khusus Kabupaten Kebumen"
799,publish,2026-02-17T23:04:21,travel-haji-khusus-kabupaten-kendal,https://www.elharamainhaji.com/travel-haji-khusus-kabupaten-kendal/,"0812-8729-2422, Travel Haji Khusus Kabupaten Kendal"
800,publish,2026-02-17T02:20:16,travel-haji-khusus-kabupaten-klaten,https://www.elharamainhaji.com/travel-haji-khusus-kabupaten-klaten/,"0812-8729-2422, Travel Haji Khusus Kabupaten Klaten"
801,publish,2026-02-18T13:30:05,travel-haji-khusus-kabupaten-kudus,https://www.elharamainhaji.com/travel-haji-khusus-kabupaten-kudus/,"0812-8729-2422, Travel Haji Khusus Kabupaten Kudus"
802,publish,2026-02-18T13:21:45,travel-haji-khusus-kabupaten-magelang,https://www.elharamainhaji.com/travel-haji-khusus-kabupaten-magelang/,"0812-8729-2422, Travel Haji Khusus Kabupaten Magelang"
803,publish,2026-02-18T01:36:52,travel-haji-khusus-kabupaten-pati,https://www.elharamainhaji.com/travel-haji-khusus-kabupaten-pati/,"0812-8729-2422, Travel Haji Khusus Kabupaten Pati"
804,publish,2026-02-19T13:14:29,travel-haji-khusus-kabupaten-pekalongan,https://www.elharamainhaji.com/travel-haji-khusus-kabupaten-pekalongan/,"0812-8729-2422, Travel Haji Khusus Kabupaten Pekalongan"
805,publish,2026-02-19T17:24:39,travel-haji-khusus-kabupaten-pemalang,https://www.elharamainhaji.com/travel-haji-khusus-kabupaten-pemalang/,"0812-8729-2422, Travel Haji Khusus Kabupaten Pemalang"
806,publish,2026-02-19T01:30:14,travel-haji-khusus-kabupaten-purbalingga,https://www.elharamainhaji.com/travel-haji-khusus-kabupaten-purbalingga/,"0812-8729-2422, Travel Haji Khusus Kabupaten Purbalingga"
807,publish,2026-02-20T22:40:40,travel-haji-khusus-kabupaten-purworejo,https://www.elharamainhaji.com/travel-haji-khusus-kabupaten-purworejo/,"0812-8729-2422, Travel Haji Khusus Kabupaten Purworejo"
808,publish,2026-02-20T23:32:56,travel-haji-khusus-kabupaten-rembang,https://www.elharamainhaji.com/travel-haji-khusus-kabupaten-rembang/,"0812-8729-2422, Travel Haji Khusus Kabupaten Rembang"
809,publish,2026-02-20T14:33:42,travel-haji-khusus-kabupaten-semarang,https://www.elharamainhaji.com/travel-haji-khusus-kabupaten-semarang/,"0812-8729-2422, Travel Haji Khusus Kabupaten Semarang"
810,publish,2026-02-21T22:22:16,travel-haji-khusus-kabupaten-sragen,https://www.elharamainhaji.com/travel-haji-khusus-kabupaten-sragen/,"0812-8729-2422, Travel Haji Khusus Kabupaten Sragen"
811,publish,2026-02-21T08:51:19,travel-haji-khusus-kabupaten-sukoharjo,https://www.elharamainhaji.com/travel-haji-khusus-kabupaten-sukoharjo/,"0812-8729-2422, Travel Haji Khusus Kabupaten Sukoharjo"
812,publish,2026-02-21T22:37:56,travel-haji-khusus-kabupaten-tegal,https://www.elharamainhaji.com/travel-haji-khusus-kabupaten-tegal/,"0812-8729-2422, Travel Haji Khusus Kabupaten Tegal"
813,publish,2026-02-22T12:33:24,travel-haji-khusus-kabupaten-temanggung,https://www.elharamainhaji.com/travel-haji-khusus-kabupaten-temanggung/,"0812-8729-2422, Travel Haji Khusus Kabupaten Temanggung"
814,publish,2026-02-22T14:16:53,travel-haji-khusus-kabupaten-wonogiri,https://www.elharamainhaji.com/travel-haji-khusus-kabupaten-wonogiri/,"0812-8729-2422, Travel Haji Khusus Kabupaten Wonogiri"
815,publish,2026-02-22T14:15:49,travel-haji-khusus-kabupaten-wonosobo,https://www.elharamainhaji.com/travel-haji-khusus-kabupaten-wonosobo/,"0812-8729-2422, Travel Haji Khusus Kabupaten Wonosobo"
816,publish,2026-02-23T08:11:07,travel-haji-khusus-kota-magelang,https://www.elharamainhaji.com/travel-haji-khusus-kota-magelang/,"0812-8729-2422, Travel Haji Khusus Kota Magelang"
817,publish,2026-02-23T21:16:45,travel-haji-khusus-kota-pekalongan,https://www.elharamainhaji.com/travel-haji-khusus-kota-pekalongan/,"0812-8729-2422, Travel Haji Khusus Kota Pekalongan"
818,publish,2026-02-23T11:54:03,travel-haji-khusus-kota-salatiga,https://www.elharamainhaji.com/travel-haji-khusus-kota-salatiga/,"0812-8729-2422, Travel Haji Khusus Kota Salatiga"
819,publish,2026-02-24T02:32:58,travel-haji-khusus-kota-semarang,https://www.elharamainhaji.com/travel-haji-khusus-kota-semarang/,"0812-8729-2422, Travel Haji Khusus Kota Semarang"
820,publish,2026-02-24T21:09:16,travel-haji-khusus-kota-surakarta,https://www.elharamainhaji.com/travel-haji-khusus-kota-surakarta/,"0812-8729-2422, Travel Haji Khusus Kota Surakarta"
821,publish,2026-02-24T03:31:10,travel-haji-khusus-kota-tegal,https://www.elharamainhaji.com/travel-haji-khusus-kota-tegal/,"0812-8729-2422, Travel Haji Khusus Kota Tegal"
822,publish,2026-02-25T02:45:11,travel-haji-khusus-kabupaten-bantul,https://www.elharamainhaji.com/travel-haji-khusus-kabupaten-bantul/,"0812-8729-2422, Travel Haji Khusus Kabupaten Bantul"
823,publish,2026-02-25T10:44:40,travel-haji-khusus-kabupaten-gunungkidul,https://www.elharamainhaji.com/travel-haji-khusus-kabupaten-gunungkidul/,"0812-8729-2422, Travel Haji Khusus Kabupaten Gunungkidul"
824,publish,2026-02-25T19:33:09,travel-haji-khusus-kabupaten-kulon-progo,https://www.elharamainhaji.com/travel-haji-khusus-kabupaten-kulon-progo/,"0812-8729-2422, Travel Haji Khusus Kabupaten Kulon Progo"
825,publish,2026-02-26T11:18:57,travel-haji-khusus-kabupaten-sleman,https://www.elharamainhaji.com/travel-haji-khusus-kabupaten-sleman/,"0812-8729-2422, Travel Haji Khusus Kabupaten Sleman"
826,publish,2026-02-26T07:33:53,travel-haji-khusus-kota-yogyakarta,https://www.elharamainhaji.com/travel-haji-khusus-kota-yogyakarta/,"0812-8729-2422, Travel Haji Khusus Kota Yogyakarta"
827,publish,2026-02-26T02:05:34,travel-haji-khusus-kabupaten-bangkalan,https://www.elharamainhaji.com/travel-haji-khusus-kabupaten-bangkalan/,"0812-8729-2422, Travel Haji Khusus Kabupaten Bangkalan"
828,publish,2026-02-27T19:55:04,travel-haji-khusus-kabupaten-banyuwangi,https://www.elharamainhaji.com/travel-haji-khusus-kabupaten-banyuwangi/,"0812-8729-2422, Travel Haji Khusus Kabupaten Banyuwangi"
829,publish,2026-02-27T22:53:38,travel-haji-khusus-kabupaten-blitar,https://www.elharamainhaji.com/travel-haji-khusus-kabupaten-blitar/,"0812-8729-2422, Travel Haji Khusus Kabupaten Blitar"
830,publish,2026-02-27T17:28:55,travel-haji-khusus-kabupaten-bojonegoro,https://www.elharamainhaji.com/travel-haji-khusus-kabupaten-bojonegoro/,"0812-8729-2422, Travel Haji Khusus Kabupaten Bojonegoro"
831,publish,2026-02-28T06:12:03,travel-haji-khusus-kabupaten-bondowoso,https://www.elharamainhaji.com/travel-haji-khusus-kabupaten-bondowoso/,"0812-8729-2422, Travel Haji Khusus Kabupaten Bondowoso"
832,publish,2026-02-28T08:40:59,travel-haji-khusus-kabupaten-gresik,https://www.elharamainhaji.com/travel-haji-khusus-kabupaten-gresik/,"0812-8729-2422, Travel Haji Khusus Kabupaten Gresik"
833,publish,2026-02-28T19:29:03,travel-haji-khusus-kabupaten-jember,https://www.elharamainhaji.com/travel-haji-khusus-kabupaten-jember/,"0812-8729-2422, Travel Haji Khusus Kabupaten Jember"
834,publish,2026-03-01T07:07:35,travel-haji-khusus-kabupaten-jombang,https://www.elharamainhaji.com/travel-haji-khusus-kabupaten-jombang/,"0812-8729-2422, Travel Haji Khusus Kabupaten Jombang"
835,publish,2026-03-01T08:18:38,travel-haji-khusus-kabupaten-kediri,https://www.elharamainhaji.com/travel-haji-khusus-kabupaten-kediri/,"0812-8729-2422, Travel Haji Khusus Kabupaten Kediri"
836,publish,2026-03-01T18:25:41,travel-haji-khusus-kabupaten-lamongan,https://www.elharamainhaji.com/travel-haji-khusus-kabupaten-lamongan/,"0812-8729-2422, Travel Haji Khusus Kabupaten Lamongan"
837,publish,2026-03-02T14:37:01,travel-haji-khusus-kabupaten-lumajang,https://www.elharamainhaji.com/travel-haji-khusus-kabupaten-lumajang/,"0812-8729-2422, Travel Haji Khusus Kabupaten Lumajang"
838,publish,2026-03-02T05:31:15,travel-haji-khusus-kabupaten-madiun,https://www.elharamainhaji.com/travel-haji-khusus-kabupaten-madiun/,"0812-8729-2422, Travel Haji Khusus Kabupaten Madiun"
839,publish,2026-03-02T08:54:33,travel-haji-khusus-kabupaten-magetan,https://www.elharamainhaji.com/travel-haji-khusus-kabupaten-magetan/,"0812-8729-2422, Travel Haji Khusus Kabupaten Magetan"
840,publish,2026-03-03T07:32:16,travel-haji-khusus-kabupaten-malang,https://www.elharamainhaji.com/travel-haji-khusus-kabupaten-malang/,"0812-8729-2422, Travel Haji Khusus Kabupaten Malang"
841,publish,2026-03-03T18:06:17,travel-haji-khusus-kabupaten-mojokerto,https://www.elharamainhaji.com/travel-haji-khusus-kabupaten-mojokerto/,"0812-8729-2422, Travel Haji Khusus Kabupaten Mojokerto"
842,publish,2026-03-03T13:58:00,travel-haji-khusus-kabupaten-nganjuk,https://www.elharamainhaji.com/travel-haji-khusus-kabupaten-nganjuk/,"0812-8729-2422, Travel Haji Khusus Kabupaten Nganjuk"
843,publish,2026-03-04T02:14:13,travel-haji-khusus-kabupaten-ngawi,https://www.elharamainhaji.com/travel-haji-khusus-kabupaten-ngawi/,"0812-8729-2422, Travel Haji Khusus Kabupaten Ngawi"
844,publish,2026-03-04T01:09:26,travel-haji-khusus-kabupaten-pacitan,https://www.elharamainhaji.com/travel-haji-khusus-kabupaten-pacitan/,"0812-8729-2422, Travel Haji Khusus Kabupaten Pacitan"
845,publish,2026-03-04T11:23:49,travel-haji-khusus-kabupaten-pamekasan,https://www.elharamainhaji.com/travel-haji-khusus-kabupaten-pamekasan/,"0812-8729-2422, Travel Haji Khusus Kabupaten Pamekasan"
846,publish,2026-03-05T03:57:12,travel-haji-khusus-kabupaten-pasuruan,https://www.elharamainhaji.com/travel-haji-khusus-kabupaten-pasuruan/,"0812-8729-2422, Travel Haji Khusus Kabupaten Pasuruan"
847,publish,2026-03-05T22:31:45,travel-haji-khusus-kabupaten-ponorogo,https://www.elharamainhaji.com/travel-haji-khusus-kabupaten-ponorogo/,"0812-8729-2422, Travel Haji Khusus Kabupaten Ponorogo"
848,publish,2026-03-05T03:37:02,travel-haji-khusus-kabupaten-probolinggo,https://www.elharamainhaji.com/travel-haji-khusus-kabupaten-probolinggo/,"0812-8729-2422, Travel Haji Khusus Kabupaten Probolinggo"
849,publish,2026-03-06T07:17:39,travel-haji-khusus-kabupaten-sampang,https://www.elharamainhaji.com/travel-haji-khusus-kabupaten-sampang/,"0812-8729-2422, Travel Haji Khusus Kabupaten Sampang"
850,publish,2026-03-06T15:48:13,travel-haji-khusus-kabupaten-sidoarjo,https://www.elharamainhaji.com/travel-haji-khusus-kabupaten-sidoarjo/,"0812-8729-2422, Travel Haji Khusus Kabupaten Sidoarjo"
851,publish,2026-03-06T06:49:21,travel-haji-khusus-kabupaten-situbondo,https://www.elharamainhaji.com/travel-haji-khusus-kabupaten-situbondo/,"0812-8729-2422, Travel Haji Khusus Kabupaten Situbondo"
852,publish,2026-03-07T05:00:55,travel-haji-khusus-kabupaten-sumenep,https://www.elharamainhaji.com/travel-haji-khusus-kabupaten-sumenep/,"0812-8729-2422, Travel Haji Khusus Kabupaten Sumenep"
853,publish,2026-03-07T04:59:48,travel-haji-khusus-kabupaten-trenggalek,https://www.elharamainhaji.com/travel-haji-khusus-kabupaten-trenggalek/,"0812-8729-2422, Travel Haji Khusus Kabupaten Trenggalek"
854,publish,2026-03-07T20:56:47,travel-haji-khusus-kabupaten-tuban,https://www.elharamainhaji.com/travel-haji-khusus-kabupaten-tuban/,"0812-8729-2422, Travel Haji Khusus Kabupaten Tuban"
855,publish,2026-03-08T18:46:18,travel-haji-khusus-kabupaten-tulungagung,https://www.elharamainhaji.com/travel-haji-khusus-kabupaten-tulungagung/,"0812-8729-2422, Travel Haji Khusus Kabupaten Tulungagung"
856,publish,2026-03-08T13:00:43,travel-haji-khusus-kota-batu,https://www.elharamainhaji.com/travel-haji-khusus-kota-batu/,"0812-8729-2422, Travel Haji Khusus Kota Batu"
857,publish,2026-03-08T13:37:34,travel-haji-khusus-kota-blitar,https://www.elharamainhaji.com/travel-haji-khusus-kota-blitar/,"0812-8729-2422, Travel Haji Khusus Kota Blitar"
858,publish,2026-03-09T12:07:50,travel-haji-khusus-kota-kediri,https://www.elharamainhaji.com/travel-haji-khusus-kota-kediri/,"0812-8729-2422, Travel Haji Khusus Kota Kediri"
859,publish,2026-03-09T23:57:25,travel-haji-khusus-kota-madiun,https://www.elharamainhaji.com/travel-haji-khusus-kota-madiun/,"0812-8729-2422, Travel Haji Khusus Kota Madiun"
860,publish,2026-03-09T12:28:48,travel-haji-khusus-kota-malang,https://www.elharamainhaji.com/travel-haji-khusus-kota-malang/,"0812-8729-2422, Travel Haji Khusus Kota Malang"
861,publish,2026-03-10T10:38:09,travel-haji-khusus-kota-mojokerto,https://www.elharamainhaji.com/travel-haji-khusus-kota-mojokerto/,"0812-8729-2422, Travel Haji Khusus Kota Mojokerto"
862,publish,2026-03-10T00:14:39,travel-haji-khusus-kota-pasuruan,https://www.elharamainhaji.com/travel-haji-khusus-kota-pasuruan/,"0812-8729-2422, Travel Haji Khusus Kota Pasuruan"
863,publish,2026-03-10T16:36:09,travel-haji-khusus-kota-probolinggo,https://www.elharamainhaji.com/travel-haji-khusus-kota-probolinggo/,"0812-8729-2422, Travel Haji Khusus Kota Probolinggo"
864,publish,2026-03-11T06:20:30,travel-haji-khusus-kota-surabaya,https://www.elharamainhaji.com/travel-haji-khusus-kota-surabaya/,"0812-8729-2422, Travel Haji Khusus Kota Surabaya"
865,publish,2026-03-11T13:08:07,travel-haji-khusus-kabupaten-lebak,https://www.elharamainhaji.com/travel-haji-khusus-kabupaten-lebak/,"0812-8729-2422, Travel Haji Khusus Kabupaten Lebak"
866,publish,2026-03-11T02:29:46,travel-haji-khusus-kabupaten-pandeglang,https://www.elharamainhaji.com/travel-haji-khusus-kabupaten-pandeglang/,"0812-8729-2422, Travel Haji Khusus Kabupaten Pandeglang"
867,publish,2026-03-12T22:06:09,travel-haji-khusus-kabupaten-serang,https://www.elharamainhaji.com/travel-haji-khusus-kabupaten-serang/,"0812-8729-2422, Travel Haji Khusus Kabupaten Serang"
868,publish,2026-03-12T03:26:48,travel-haji-khusus-kabupaten-tangerang,https://www.elharamainhaji.com/travel-haji-khusus-kabupaten-tangerang/,"0812-8729-2422, Travel Haji Khusus Kabupaten Tangerang"
869,publish,2026-03-12T13:06:06,travel-haji-khusus-kota-cilegon,https://www.elharamainhaji.com/travel-haji-khusus-kota-cilegon/,"0812-8729-2422, Travel Haji Khusus Kota Cilegon"
870,publish,2026-03-13T00:14:35,travel-haji-khusus-kota-serang,https://www.elharamainhaji.com/travel-haji-khusus-kota-serang/,"0812-8729-2422, Travel Haji Khusus Kota Serang"
871,publish,2026-03-13T05:38:10,travel-haji-khusus-kota-tangerang,https://www.elharamainhaji.com/travel-haji-khusus-kota-tangerang/,"0812-8729-2422, Travel Haji Khusus Kota Tangerang"
872,publish,2026-03-13T13:47:36,travel-haji-khusus-kota-tangerang-selatan,https://www.elharamainhaji.com/travel-haji-khusus-kota-tangerang-selatan/,"0812-8729-2422, Travel Haji Khusus Kota Tangerang Selatan"
873,publish,2026-03-14T05:02:58,travel-haji-khusus-kabupaten-badung,https://www.elharamainhaji.com/travel-haji-khusus-kabupaten-badung/,"0812-8729-2422, Travel Haji Khusus Kabupaten Badung"
874,publish,2026-03-14T22:46:55,travel-haji-khusus-kabupaten-bangli,https://www.elharamainhaji.com/travel-haji-khusus-kabupaten-bangli/,"0812-8729-2422, Travel Haji Khusus Kabupaten Bangli"
875,publish,2026-03-14T23:02:56,travel-haji-khusus-kabupaten-buleleng,https://www.elharamainhaji.com/travel-haji-khusus-kabupaten-buleleng/,"0812-8729-2422, Travel Haji Khusus Kabupaten Buleleng"
878,publish,2026-03-15T17:10:29,travel-haji-khusus-kabupaten-karangasem,https://www.elharamainhaji.com/travel-haji-khusus-kabupaten-karangasem/,"0812-8729-2422, Travel Haji Khusus Kabupaten Karangasem"
879,publish,2026-03-16T04:34:50,travel-haji-khusus-kabupaten-klungkung,https://www.elharamainhaji.com/travel-haji-khusus-kabupaten-klungkung/,"0812-8729-2422, Travel Haji Khusus Kabupaten Klungkung"
880,publish,2026-03-16T04:48:38,travel-haji-khusus-kabupaten-tabanan,https://www.elharamainhaji.com/travel-haji-khusus-kabupaten-tabanan/,"0812-8729-2422, Travel Haji Khusus Kabupaten Tabanan"
881,publish,2026-03-16T10:39:59,travel-haji-khusus-kota-denpasar,https://www.elharamainhaji.com/travel-haji-khusus-kota-denpasar/,"0812-8729-2422, Travel Haji Khusus Kota Denpasar"
882,publish,2026-03-17T00:07:43,travel-haji-khusus-kabupaten-bima,https://www.elharamainhaji.com/travel-haji-khusus-kabupaten-bima/,"0812-8729-2422, Travel Haji Khusus Kabupaten Bima"
883,publish,2026-03-17T01:30:42,travel-haji-khusus-kabupaten-dompu,https://www.elharamainhaji.com/travel-haji-khusus-kabupaten-dompu/,"0812-8729-2422, Travel Haji Khusus Kabupaten Dompu"
884,publish,2026-03-17T20:19:18,travel-haji-khusus-kabupaten-lombok-barat,https://www.elharamainhaji.com/travel-haji-khusus-kabupaten-lombok-barat/,"0812-8729-2422, Travel Haji Khusus Kabupaten Lombok Barat"
885,publish,2026-03-18T13:19:13,travel-haji-khusus-kabupaten-lombok-tengah,https://www.elharamainhaji.com/travel-haji-khusus-kabupaten-lombok-tengah/,"0812-8729-2422, Travel Haji Khusus Kabupaten Lombok Tengah"
886,publish,2026-03-18T23:04:37,travel-haji-khusus-kabupaten-lombok-timur,https://www.elharamainhaji.com/travel-haji-khusus-kabupaten-lombok-timur/,"0812-8729-2422, Travel Haji Khusus Kabupaten Lombok Timur"
887,publish,2026-03-18T05:47:10,travel-haji-khusus-kabupaten-lombok-utara,https://www.elharamainhaji.com/travel-haji-khusus-kabupaten-lombok-utara/,"0812-8729-2422, Travel Haji Khusus Kabupaten Lombok Utara"
888,publish,2026-03-19T14:38:52,travel-haji-khusus-kabupaten-sumbawa,https://www.elharamainhaji.com/travel-haji-khusus-kabupaten-sumbawa/,"0812-8729-2422, Travel Haji Khusus Kabupaten Sumbawa"
889,publish,2026-03-19T20:56:27,travel-haji-khusus-kabupaten-sumbawa-barat,https://www.elharamainhaji.com/travel-haji-khusus-kabupaten-sumbawa-barat/,"0812-8729-2422, Travel Haji Khusus Kabupaten Sumbawa Barat"
890,publish,2026-03-19T22:34:06,travel-haji-khusus-kota-bima,https://www.elharamainhaji.com/travel-haji-khusus-kota-bima/,"0812-8729-2422, Travel Haji Khusus Kota Bima"
891,publish,2026-03-20T13:32:41,travel-haji-khusus-kota-mataram,https://www.elharamainhaji.com/travel-haji-khusus-kota-mataram/,"0812-8729-2422, Travel Haji Khusus Kota Mataram"
893,publish,2026-03-20T18:13:40,travel-haji-khusus-kabupaten-belu,https://www.elharamainhaji.com/travel-haji-khusus-kabupaten-belu/,"0812-8729-2422, Travel Haji Khusus Kabupaten Belu"
894,publish,2026-03-21T04:34:05,travel-haji-khusus-kabupaten-ende,https://www.elharamainhaji.com/travel-haji-khusus-kabupaten-ende/,"0812-8729-2422, Travel Haji Khusus Kabupaten Ende"
895,publish,2026-03-21T14:09:17,travel-haji-khusus-kabupaten-flores-timur,https://www.elharamainhaji.com/travel-haji-khusus-kabupaten-flores-timur/,"0812-8729-2422, Travel Haji Khusus Kabupaten Flores Timur"
896,publish,2026-03-21T22:04:00,travel-haji-khusus-kabupaten-kupang,https://www.elharamainhaji.com/travel-haji-khusus-kabupaten-kupang/,"0812-8729-2422, Travel Haji Khusus Kabupaten Kupang"
897,publish,2026-03-22T19:57:27,travel-haji-khusus-kabupaten-lembata,https://www.elharamainhaji.com/travel-haji-khusus-kabupaten-lembata/,"0812-8729-2422, Travel Haji Khusus Kabupaten Lembata"
898,publish,2026-03-22T07:16:33,travel-haji-khusus-kabupaten-malaka,https://www.elharamainhaji.com/travel-haji-khusus-kabupaten-malaka/,"0812-8729-2422, Travel Haji Khusus Kabupaten Malaka"
899,publish,2026-03-22T06:56:40,travel-haji-khusus-kabupaten-manggarai,https://www.elharamainhaji.com/travel-haji-khusus-kabupaten-manggarai/,"0812-8729-2422, Travel Haji Khusus Kabupaten Manggarai"
900,publish,2026-03-23T00:40:56,travel-haji-khusus-kabupaten-manggarai-barat,https://www.elharamainhaji.com/travel-haji-khusus-kabupaten-manggarai-barat/,"0812-8729-2422, Travel Haji Khusus Kabupaten Manggarai Barat"
901,publish,2026-03-23T06:12:31,travel-haji-khusus-kabupaten-manggarai-timur,https://www.elharamainhaji.com/travel-haji-khusus-kabupaten-manggarai-timur/,"0812-8729-2422, Travel Haji Khusus Kabupaten Manggarai Timur"
902,publish,2026-03-23T06:14:34,travel-haji-khusus-kabupaten-nagekeo,https://www.elharamainhaji.com/travel-haji-khusus-kabupaten-nagekeo/,"0812-8729-2422, Travel Haji Khusus Kabupaten Nagekeo"
903,publish,2026-03-24T06:05:45,travel-haji-khusus-kabupaten-ngada,https://www.elharamainhaji.com/travel-haji-khusus-kabupaten-ngada/,"0812-8729-2422, Travel Haji Khusus Kabupaten Ngada"
904,publish,2026-03-24T04:44:19,travel-haji-khusus-kabupaten-rote-ndao,https://www.elharamainhaji.com/travel-haji-khusus-kabupaten-rote-ndao/,"0812-8729-2422, Travel Haji Khusus Kabupaten Rote Ndao"
905,publish,2026-03-24T22:00:22,travel-haji-khusus-kabupaten-sabu-raijua,https://www.elharamainhaji.com/travel-haji-khusus-kabupaten-sabu-raijua/,"0812-8729-2422, Travel Haji Khusus Kabupaten Sabu Raijua"
906,publish,2026-03-25T11:15:05,travel-haji-khusus-kabupaten-sikka,https://www.elharamainhaji.com/travel-haji-khusus-kabupaten-sikka/,"0812-8729-2422, Travel Haji Khusus Kabupaten Sikka"
907,publish,2026-03-25T22:36:26,travel-haji-khusus-kabupaten-sumba-barat,https://www.elharamainhaji.com/travel-haji-khusus-kabupaten-sumba-barat/,"0812-8729-2422, Travel Haji Khusus Kabupaten Sumba Barat"
908,publish,2026-03-25T10:25:55,travel-haji-khusus-kabupaten-sumba-barat-daya,https://www.elharamainhaji.com/travel-haji-khusus-kabupaten-sumba-barat-daya/,"0812-8729-2422, Travel Haji Khusus Kabupaten Sumba Barat Daya"
909,publish,2026-03-26T00:16:36,travel-haji-khusus-kabupaten-sumba-tengah,https://www.elharamainhaji.com/travel-haji-khusus-kabupaten-sumba-tengah/,"0812-8729-2422, Travel Haji Khusus Kabupaten Sumba Tengah"
910,publish,2026-03-26T06:58:02,travel-haji-khusus-kabupaten-sumba-timur,https://www.elharamainhaji.com/travel-haji-khusus-kabupaten-sumba-timur/,"0812-8729-2422, Travel Haji Khusus Kabupaten Sumba Timur"
911,publish,2026-03-26T07:34:00,travel-haji-khusus-kabupaten-timor-tengah-selatan,https://www.elharamainhaji.com/travel-haji-khusus-kabupaten-timor-tengah-selatan/,"0812-8729-2422, Travel Haji Khusus Kabupaten Timor Tengah Selatan"
912,publish,2026-03-27T05:36:39,travel-haji-khusus-kabupaten-timor-tengah-utara,https://www.elharamainhaji.com/travel-haji-khusus-kabupaten-timor-tengah-utara/,"0812-8729-2422, Travel Haji Khusus Kabupaten Timor Tengah Utara"
913,publish,2025-06-25T13:32:31,paket-haji-plus-kabupaten-aceh-barat,https://www.elharamainhaji.com/paket-haji-plus-kabupaten-aceh-barat/,"0812-8729-2422, Paket Haji Plus Kabupaten Aceh Barat"
914,publish,2025-06-25T09:41:54,paket-haji-plus-kabupaten-aceh-barat-daya,https://www.elharamainhaji.com/paket-haji-plus-kabupaten-aceh-barat-daya/,"0812-8729-2422, Paket Haji Plus Kabupaten Aceh Barat Daya"
915,publish,2025-06-25T20:03:54,paket-haji-plus-kabupaten-aceh-besar,https://www.elharamainhaji.com/paket-haji-plus-kabupaten-aceh-besar/,"0812-8729-2422, Paket Haji Plus Kabupaten Aceh Besar"
916,publish,2025-06-26T17:42:57,paket-haji-plus-kabupaten-aceh-jaya,https://www.elharamainhaji.com/paket-haji-plus-kabupaten-aceh-jaya/,"0812-8729-2422, Paket Haji Plus Kabupaten Aceh Jaya"
917,publish,2025-06-26T04:56:44,paket-haji-plus-kabupaten-aceh-selatan,https://www.elharamainhaji.com/paket-haji-plus-kabupaten-aceh-selatan/,"0812-8729-2422, Paket Haji Plus Kabupaten Aceh Selatan"
918,publish,2025-06-26T14:01:58,paket-haji-plus-kabupaten-aceh-singkil,https://www.elharamainhaji.com/paket-haji-plus-kabupaten-aceh-singkil/,"0812-8729-2422, Paket Haji Plus Kabupaten Aceh Singkil"
919,publish,2025-06-27T23:19:33,paket-haji-plus-kabupaten-aceh-tamiang,https://www.elharamainhaji.com/paket-haji-plus-kabupaten-aceh-tamiang/,"0812-8729-2422, Paket Haji Plus Kabupaten Aceh Tamiang"
920,publish,2025-06-27T19:00:22,paket-haji-plus-kabupaten-aceh-tengah,https://www.elharamainhaji.com/paket-haji-plus-kabupaten-aceh-tengah/,"0812-8729-2422, Paket Haji Plus Kabupaten Aceh Tengah"
921,publish,2025-06-27T21:00:11,paket-haji-plus-kabupaten-aceh-tenggara,https://www.elharamainhaji.com/paket-haji-plus-kabupaten-aceh-tenggara/,"0812-8729-2422, Paket Haji Plus Kabupaten Aceh Tenggara"
922,publish,2025-06-28T18:27:56,paket-haji-plus-kabupaten-aceh-timur,https://www.elharamainhaji.com/paket-haji-plus-kabupaten-aceh-timur/,"0812-8729-2422, Paket Haji Plus Kabupaten Aceh Timur"
923,publish,2025-06-28T18:50:03,paket-haji-plus-kabupaten-aceh-utara,https://www.elharamainhaji.com/paket-haji-plus-kabupaten-aceh-utara/,"0812-8729-2422, Paket Haji Plus Kabupaten Aceh Utara"
924,publish,2025-06-28T08:32:07,paket-haji-plus-kabupaten-bener-meriah,https://www.elharamainhaji.com/paket-haji-plus-kabupaten-bener-meriah/,"0812-8729-2422, Paket Haji Plus Kabupaten Bener Meriah"
925,publish,2025-06-29T21:07:48,paket-haji-plus-kabupaten-bireuen,https://www.elharamainhaji.com/paket-haji-plus-kabupaten-bireuen/,"0812-8729-2422, Paket Haji Plus Kabupaten Bireuen"
926,publish,2025-06-29T05:18:25,paket-haji-plus-kabupaten-gayo-lues,https://www.elharamainhaji.com/paket-haji-plus-kabupaten-gayo-lues/,"0812-8729-2422, Paket Haji Plus Kabupaten Gayo Lues"
927,publish,2025-06-29T05:48:24,paket-haji-plus-kabupaten-nagan-raya,https://www.elharamainhaji.com/paket-haji-plus-kabupaten-nagan-raya/,"0812-8729-2422, Paket Haji Plus Kabupaten Nagan Raya"
928,publish,2025-06-30T19:04:26,paket-haji-plus-kabupaten-pidie,https://www.elharamainhaji.com/paket-haji-plus-kabupaten-pidie/,"0812-8729-2422, Paket Haji Plus Kabupaten Pidie"
929,publish,2025-06-30T18:34:35,paket-haji-plus-kabupaten-pidie-jaya,https://www.elharamainhaji.com/paket-haji-plus-kabupaten-pidie-jaya/,"0812-8729-2422, Paket Haji Plus Kabupaten Pidie Jaya"
930,publish,2025-06-30T15:49:43,paket-haji-plus-kabupaten-simeulue,https://www.elharamainhaji.com/paket-haji-plus-kabupaten-simeulue/,"0812-8729-2422, Paket Haji Plus Kabupaten Simeulue"
931,publish,2025-07-01T04:17:13,paket-haji-plus-kota-banda-aceh,https://www.elharamainhaji.com/paket-haji-plus-kota-banda-aceh/,"0812-8729-2422, Paket Haji Plus Kota Banda Aceh"
932,publish,2025-07-01T07:32:28,paket-haji-plus-kota-langsa,https://www.elharamainhaji.com/paket-haji-plus-kota-langsa/,"0812-8729-2422, Paket Haji Plus Kota Langsa"
933,publish,2025-07-01T19:31:59,paket-haji-plus-kota-lhokseumawe,https://www.elharamainhaji.com/paket-haji-plus-kota-lhokseumawe/,"0812-8729-2422, Paket Haji Plus Kota Lhokseumawe"
934,publish,2025-07-02T11:37:52,paket-haji-plus-kota-sabang,https://www.elharamainhaji.com/paket-haji-plus-kota-sabang/,"0812-8729-2422, Paket Haji Plus Kota Sabang"
935,publish,2025-07-02T03:58:44,paket-haji-plus-kota-subulussalam,https://www.elharamainhaji.com/paket-haji-plus-kota-subulussalam/,"0812-8729-2422, Paket Haji Plus Kota Subulussalam"
936,publish,2025-07-04T14:43:42,paket-haji-plus-kabupaten-humbang-hasundutan,https://www.elharamainhaji.com/paket-haji-plus-kabupaten-humbang-hasundutan/,"0812-8729-2422, Paket Haji Plus Kabupaten Humbang Hasundutan"
937,publish,2025-07-04T22:50:13,paket-haji-plus-kabupaten-karo,https://www.elharamainhaji.com/paket-haji-plus-kabupaten-karo/,"0812-8729-2422, Paket Haji Plus Kabupaten Karo"
938,publish,2025-07-04T11:43:58,paket-haji-plus-kabupaten-labuhanbatu,https://www.elharamainhaji.com/paket-haji-plus-kabupaten-labuhanbatu/,"0812-8729-2422, Paket Haji Plus Kabupaten Labuhanbatu"
939,publish,2025-07-05T19:16:09,paket-haji-plus-kabupaten-labuhanbatu-utara,https://www.elharamainhaji.com/paket-haji-plus-kabupaten-labuhanbatu-utara/,"0812-8729-2422, Paket Haji Plus Kabupaten Labuhanbatu Utara"
940,publish,2025-07-05T04:49:05,paket-haji-plus-kabupaten-langkat,https://www.elharamainhaji.com/paket-haji-plus-kabupaten-langkat/,"0812-8729-2422, Paket Haji Plus Kabupaten Langkat"
941,publish,2025-07-06T03:10:32,paket-haji-plus-kabupaten-nias-barat,https://www.elharamainhaji.com/paket-haji-plus-kabupaten-nias-barat/,"0812-8729-2422, Paket Haji Plus Kabupaten Nias Barat"
942,publish,2025-07-07T11:13:48,paket-haji-plus-kabupaten-nias-selatan,https://www.elharamainhaji.com/paket-haji-plus-kabupaten-nias-selatan/,"0812-8729-2422, Paket Haji Plus Kabupaten Nias Selatan"
943,publish,2025-07-07T03:50:22,paket-haji-plus-kabupaten-nias-utara,https://www.elharamainhaji.com/paket-haji-plus-kabupaten-nias-utara/,"0812-8729-2422, Paket Haji Plus Kabupaten Nias Utara"
944,publish,2025-07-07T06:38:50,paket-haji-plus-kabupaten-padang-lawas,https://www.elharamainhaji.com/paket-haji-plus-kabupaten-padang-lawas/,"0812-8729-2422, Paket Haji Plus Kabupaten Padang Lawas"
945,publish,2025-07-08T20:18:22,paket-haji-plus-kabupaten-samosir,https://www.elharamainhaji.com/paket-haji-plus-kabupaten-samosir/,"0812-8729-2422, Paket Haji Plus Kabupaten Samosir"
946,publish,2025-07-09T12:43:26,paket-haji-plus-kabupaten-serdang-bedagai,https://www.elharamainhaji.com/paket-haji-plus-kabupaten-serdang-bedagai/,"0812-8729-2422, Paket Haji Plus Kabupaten Serdang Bedagai"
947,publish,2025-07-09T19:00:03,paket-haji-plus-kabupaten-simalungun,https://www.elharamainhaji.com/paket-haji-plus-kabupaten-simalungun/,"0812-8729-2422, Paket Haji Plus Kabupaten Simalungun"
948,publish,2025-07-09T12:07:46,paket-haji-plus-kabupaten-tapanuli-selatan,https://www.elharamainhaji.com/paket-haji-plus-kabupaten-tapanuli-selatan/,"0812-8729-2422, Paket Haji Plus Kabupaten Tapanuli Selatan"
949,publish,2025-07-10T03:55:22,paket-haji-plus-kabupaten-tapanuli-tengah,https://www.elharamainhaji.com/paket-haji-plus-kabupaten-tapanuli-tengah/,"0812-8729-2422, Paket Haji Plus Kabupaten Tapanuli Tengah"
950,publish,2025-07-10T00:46:46,paket-haji-plus-kabupaten-tapanuli-utara,https://www.elharamainhaji.com/paket-haji-plus-kabupaten-tapanuli-utara/,"0812-8729-2422, Paket Haji Plus Kabupaten Tapanuli Utara"
951,publish,2025-07-10T13:36:34,paket-haji-plus-kabupaten-toba,https://www.elharamainhaji.com/paket-haji-plus-kabupaten-toba/,"0812-8729-2422, Paket Haji Plus Kabupaten Toba"
952,publish,2025-07-11T04:42:38,paket-haji-plus-kota-binjai,https://www.elharamainhaji.com/paket-haji-plus-kota-binjai/,"0812-8729-2422, Paket Haji Plus Kota Binjai"
953,publish,2025-07-11T18:14:23,paket-haji-plus-kota-gunungsitoli,https://www.elharamainhaji.com/paket-haji-plus-kota-gunungsitoli/,"0812-8729-2422, Paket Haji Plus Kota Gunungsitoli"
954,publish,2025-07-11T19:00:48,paket-haji-plus-kota-medan,https://www.elharamainhaji.com/paket-haji-plus-kota-medan/,"0812-8729-2422, Paket Haji Plus Kota Medan"
955,publish,2025-07-12T06:04:06,paket-haji-plus-kota-padang-sidempuan,https://www.elharamainhaji.com/paket-haji-plus-kota-padang-sidempuan/,"0812-8729-2422, Paket Haji Plus Kota Padang Sidempuan"
956,publish,2025-07-12T18:15:19,paket-haji-plus-kota-pematangsiantar,https://www.elharamainhaji.com/paket-haji-plus-kota-pematangsiantar/,"0812-8729-2422, Paket Haji Plus Kota Pematangsiantar"
957,publish,2025-07-13T16:56:20,paket-haji-plus-kabupaten-agam,https://www.elharamainhaji.com/paket-haji-plus-kabupaten-agam/,"0812-8729-2422, Paket Haji Plus Kabupaten Agam"
958,publish,2025-07-14T15:02:47,paket-haji-plus-kabupaten-dharmasraya,https://www.elharamainhaji.com/paket-haji-plus-kabupaten-dharmasraya/,"0812-8729-2422, Paket Haji Plus Kabupaten Dharmasraya"
959,publish,2025-07-14T15:22:44,paket-haji-plus-kabupaten-kepulauan-mentawai,https://www.elharamainhaji.com/paket-haji-plus-kabupaten-kepulauan-mentawai/,"0812-8729-2422, Paket Haji Plus Kabupaten Kepulauan Mentawai"
960,publish,2025-07-14T13:21:26,paket-haji-plus-kabupaten-lima-puluh-kota,https://www.elharamainhaji.com/paket-haji-plus-kabupaten-lima-puluh-kota/,"0812-8729-2422, Paket Haji Plus Kabupaten Lima Puluh Kota"
961,publish,2025-07-15T08:41:28,paket-haji-plus-kabupaten-padang-pariaman,https://www.elharamainhaji.com/paket-haji-plus-kabupaten-padang-pariaman/,"0812-8729-2422, Paket Haji Plus Kabupaten Padang Pariaman"
962,publish,2025-07-15T08:49:51,paket-haji-plus-kabupaten-pasaman,https://www.elharamainhaji.com/paket-haji-plus-kabupaten-pasaman/,"0812-8729-2422, Paket Haji Plus Kabupaten Pasaman"
963,publish,2025-07-15T16:58:30,paket-haji-plus-kabupaten-pasaman-barat,https://www.elharamainhaji.com/paket-haji-plus-kabupaten-pasaman-barat/,"0812-8729-2422, Paket Haji Plus Kabupaten Pasaman Barat"
964,publish,2025-07-16T13:48:35,paket-haji-plus-kabupaten-pesisir-selatan,https://www.elharamainhaji.com/paket-haji-plus-kabupaten-pesisir-selatan/,"0812-8729-2422, Paket Haji Plus Kabupaten Pesisir Selatan"
965,publish,2025-07-16T06:53:50,paket-haji-plus-kabupaten-sijunjung,https://www.elharamainhaji.com/paket-haji-plus-kabupaten-sijunjung/,"0812-8729-2422, Paket Haji Plus Kabupaten Sijunjung"
966,publish,2025-07-16T22:47:06,paket-haji-plus-kabupaten-solok,https://www.elharamainhaji.com/paket-haji-plus-kabupaten-solok/,"0812-8729-2422, Paket Haji Plus Kabupaten Solok"
967,publish,2025-07-17T17:57:40,paket-haji-plus-kabupaten-solok-selatan,https://www.elharamainhaji.com/paket-haji-plus-kabupaten-solok-selatan/,"0812-8729-2422, Paket Haji Plus Kabupaten Solok Selatan"
968,publish,2025-07-17T21:29:49,paket-haji-plus-kabupaten-tanah-datar,https://www.elharamainhaji.com/paket-haji-plus-kabupaten-tanah-datar/,"0812-8729-2422, Paket Haji Plus Kabupaten Tanah Datar"
969,publish,2025-07-17T15:20:57,paket-haji-plus-kota-bukittinggi,https://www.elharamainhaji.com/paket-haji-plus-kota-bukittinggi/,"0812-8729-2422, Paket Haji Plus Kota Bukittinggi"
970,publish,2025-07-18T14:14:43,paket-haji-plus-kota-padang,https://www.elharamainhaji.com/paket-haji-plus-kota-padang/,"0812-8729-2422, Paket Haji Plus Kota Padang"
971,publish,2025-07-18T13:44:01,paket-haji-plus-kota-padang-panjang,https://www.elharamainhaji.com/paket-haji-plus-kota-padang-panjang/,"0812-8729-2422, Paket Haji Plus Kota Padang Panjang"
972,publish,2025-07-18T21:15:51,paket-haji-plus-kota-pariaman,https://www.elharamainhaji.com/paket-haji-plus-kota-pariaman/,"0812-8729-2422, Paket Haji Plus Kota Pariaman"
973,publish,2025-07-19T21:22:41,paket-haji-plus-kota-payakumbuh,https://www.elharamainhaji.com/paket-haji-plus-kota-payakumbuh/,"0812-8729-2422, Paket Haji Plus Kota Payakumbuh"
974,publish,2025-07-19T08:12:39,paket-haji-plus-kota-sawahlunto,https://www.elharamainhaji.com/paket-haji-plus-kota-sawahlunto/,"0812-8729-2422, Paket Haji Plus Kota Sawahlunto"
975,publish,2025-07-19T06:07:49,paket-haji-plus-kota-solok,https://www.elharamainhaji.com/paket-haji-plus-kota-solok/,"0812-8729-2422, Paket Haji Plus Kota Solok"
976,publish,2025-07-20T10:06:07,paket-haji-plus-kabupaten-bengkalis,https://www.elharamainhaji.com/paket-haji-plus-kabupaten-bengkalis/,"0812-8729-2422, Paket Haji Plus Kabupaten Bengkalis"
977,publish,2025-07-20T13:45:55,paket-haji-plus-kabupaten-indragiri-hilir,https://www.elharamainhaji.com/paket-haji-plus-kabupaten-indragiri-hilir/,"0812-8729-2422, Paket Haji Plus Kabupaten Indragiri Hilir"
978,publish,2025-07-20T16:19:00,paket-haji-plus-kabupaten-indragiri-hulu,https://www.elharamainhaji.com/paket-haji-plus-kabupaten-indragiri-hulu/,"0812-8729-2422, Paket Haji Plus Kabupaten Indragiri Hulu"
979,publish,2025-07-21T11:15:28,paket-haji-plus-kabupaten-kampar,https://www.elharamainhaji.com/paket-haji-plus-kabupaten-kampar/,"0812-8729-2422, Paket Haji Plus Kabupaten Kampar"
980,publish,2025-07-21T09:01:07,paket-haji-plus-kabupaten-kepulauan-meranti,https://www.elharamainhaji.com/paket-haji-plus-kabupaten-kepulauan-meranti/,"0812-8729-2422, Paket Haji Plus Kabupaten Kepulauan Meranti"
981,publish,2025-07-21T06:26:28,paket-haji-plus-kabupaten-kuantan-singingi,https://www.elharamainhaji.com/paket-haji-plus-kabupaten-kuantan-singingi/,"0812-8729-2422, Paket Haji Plus Kabupaten Kuantan Singingi"
982,publish,2025-07-22T10:37:23,paket-haji-plus-kabupaten-pelalawan,https://www.elharamainhaji.com/paket-haji-plus-kabupaten-pelalawan/,"0812-8729-2422, Paket Haji Plus Kabupaten Pelalawan"
983,publish,2025-07-22T16:05:10,paket-haji-plus-kabupaten-rokan-hilir,https://www.elharamainhaji.com/paket-haji-plus-kabupaten-rokan-hilir/,"0812-8729-2422, Paket Haji Plus Kabupaten Rokan Hilir"
984,publish,2025-07-22T00:26:08,paket-haji-plus-kabupaten-rokan-hulu,https://www.elharamainhaji.com/paket-haji-plus-kabupaten-rokan-hulu/,"0812-8729-2422, Paket Haji Plus Kabupaten Rokan Hulu"
985,publish,2025-07-23T19:31:09,paket-haji-plus-kabupaten-siak,https://www.elharamainhaji.com/paket-haji-plus-kabupaten-siak/,"0812-8729-2422, Paket Haji Plus Kabupaten Siak"
986,publish,2025-07-23T04:33:59,paket-haji-plus-kota-dumai,https://www.elharamainhaji.com/paket-haji-plus-kota-dumai/,"0812-8729-2422, Paket Haji Plus Kota Dumai"
987,publish,2025-07-23T20:58:06,paket-haji-plus-kota-pekanbaru,https://www.elharamainhaji.com/paket-haji-plus-kota-pekanbaru/,"0812-8729-2422, Paket Haji Plus Kota Pekanbaru"
988,publish,2025-07-24T10:40:56,paket-haji-plus-kabupaten-batanghari,https://www.elharamainhaji.com/paket-haji-plus-kabupaten-batanghari/,"0812-8729-2422, Paket Haji Plus Kabupaten Batanghari"
989,publish,2025-07-24T19:42:11,paket-haji-plus-kabupaten-bungo,https://www.elharamainhaji.com/paket-haji-plus-kabupaten-bungo/,"0812-8729-2422, Paket Haji Plus Kabupaten Bungo"
990,publish,2025-07-24T13:38:57,paket-haji-plus-kabupaten-kerinci,https://www.elharamainhaji.com/paket-haji-plus-kabupaten-kerinci/,"0812-8729-2422, Paket Haji Plus Kabupaten Kerinci"
991,publish,2025-07-25T19:55:01,paket-haji-plus-kabupaten-merangin,https://www.elharamainhaji.com/paket-haji-plus-kabupaten-merangin/,"0812-8729-2422, Paket Haji Plus Kabupaten Merangin"
992,publish,2025-07-25T19:58:17,paket-haji-plus-kabupaten-muaro-jambi,https://www.elharamainhaji.com/paket-haji-plus-kabupaten-muaro-jambi/,"0812-8729-2422, Paket Haji Plus Kabupaten Muaro Jambi"
993,publish,2025-07-25T17:50:00,paket-haji-plus-kabupaten-sarolangun,https://www.elharamainhaji.com/paket-haji-plus-kabupaten-sarolangun/,"0812-8729-2422, Paket Haji Plus Kabupaten Sarolangun"
994,publish,2025-07-26T10:22:40,paket-haji-plus-kabupaten-tanjung-jabung-barat,https://www.elharamainhaji.com/paket-haji-plus-kabupaten-tanjung-jabung-barat/,"0812-8729-2422, Paket Haji Plus Kabupaten Tanjung Jabung Barat"
995,publish,2025-07-26T10:14:04,paket-haji-plus-kabupaten-tanjung-jabung-timur,https://www.elharamainhaji.com/paket-haji-plus-kabupaten-tanjung-jabung-timur/,"0812-8729-2422, Paket Haji Plus Kabupaten Tanjung Jabung Timur"
996,publish,2025-08-01T05:56:29,paket-haji-plus-kota-palembang,https://www.elharamainhaji.com/paket-haji-plus-kota-palembang/,"0812-8729-2422, Paket Haji Plus Kota Palembang"
997,publish,2025-08-02T10:23:15,paket-haji-plus-kota-prabumulih,https://www.elharamainhaji.com/paket-haji-plus-kota-prabumulih/,"0812-8729-2422, Paket Haji Plus Kota Prabumulih"
998,publish,2025-08-02T00:12:39,paket-haji-plus-kabupaten-bengkulu-selatan,https://www.elharamainhaji.com/paket-haji-plus-kabupaten-bengkulu-selatan/,"0812-8729-2422, Paket Haji Plus Kabupaten Bengkulu Selatan"
999,publish,2025-08-02T20:53:17,paket-haji-plus-kabupaten-bengkulu-tengah,https://www.elharamainhaji.com/paket-haji-plus-kabupaten-bengkulu-tengah/,"0812-8729-2422, Paket Haji Plus Kabupaten Bengkulu Tengah"
1000,publish,2025-08-03T21:24:36,paket-haji-plus-kabupaten-bengkulu-utara,https://www.elharamainhaji.com/paket-haji-plus-kabupaten-bengkulu-utara/,"0812-8729-2422, Paket Haji Plus Kabupaten Bengkulu Utara"
1001,publish,2025-08-03T09:13:11,paket-haji-plus-kabupaten-kaur,https://www.elharamainhaji.com/paket-haji-plus-kabupaten-kaur/,"0812-8729-2422, Paket Haji Plus Kabupaten Kaur"
1002,publish,2025-08-03T12:24:38,paket-haji-plus-kabupaten-kepahiang,https://www.elharamainhaji.com/paket-haji-plus-kabupaten-kepahiang/,"0812-8729-2422, Paket Haji Plus Kabupaten Kepahiang"
1003,publish,2025-08-04T11:00:04,paket-haji-plus-kabupaten-lebong,https://www.elharamainhaji.com/paket-haji-plus-kabupaten-lebong/,"0812-8729-2422, Paket Haji Plus Kabupaten Lebong"
1004,publish,2025-08-04T02:50:31,paket-haji-plus-kabupaten-rejang-lebong,https://www.elharamainhaji.com/paket-haji-plus-kabupaten-rejang-lebong/,"0812-8729-2422, Paket Haji Plus Kabupaten Rejang Lebong"
1005,publish,2025-08-05T06:44:53,paket-haji-plus-kabupaten-lampung-barat,https://www.elharamainhaji.com/paket-haji-plus-kabupaten-lampung-barat/,"0812-8729-2422, Paket Haji Plus Kabupaten Lampung Barat"
1006,publish,2025-08-06T06:08:58,paket-haji-plus-kabupaten-lampung-selatan,https://www.elharamainhaji.com/paket-haji-plus-kabupaten-lampung-selatan/,"0812-8729-2422, Paket Haji Plus Kabupaten Lampung Selatan"
1007,publish,2025-08-06T20:13:50,paket-haji-plus-kabupaten-lampung-tengah,https://www.elharamainhaji.com/paket-haji-plus-kabupaten-lampung-tengah/,"0812-8729-2422, Paket Haji Plus Kabupaten Lampung Tengah"
1008,publish,2025-08-06T09:42:26,paket-haji-plus-kabupaten-lampung-timur,https://www.elharamainhaji.com/paket-haji-plus-kabupaten-lampung-timur/,"0812-8729-2422, Paket Haji Plus Kabupaten Lampung Timur"
1009,publish,2025-08-07T02:26:56,paket-haji-plus-kabupaten-lampung-utara,https://www.elharamainhaji.com/paket-haji-plus-kabupaten-lampung-utara/,"0812-8729-2422, Paket Haji Plus Kabupaten Lampung Utara"
1010,publish,2025-08-07T15:58:19,paket-haji-plus-kabupaten-mesuji,https://www.elharamainhaji.com/paket-haji-plus-kabupaten-mesuji/,"0812-8729-2422, Paket Haji Plus Kabupaten Mesuji"
1011,publish,2025-08-07T17:46:41,paket-haji-plus-kabupaten-pesawaran,https://www.elharamainhaji.com/paket-haji-plus-kabupaten-pesawaran/,"0812-8729-2422, Paket Haji Plus Kabupaten Pesawaran"
1012,publish,2025-08-08T07:46:15,paket-haji-plus-kabupaten-tanggamus,https://www.elharamainhaji.com/paket-haji-plus-kabupaten-tanggamus/,"0812-8729-2422, Paket Haji Plus Kabupaten Tanggamus"
1013,publish,2025-08-09T21:42:14,paket-haji-plus-kabupaten-tulang-bawang,https://www.elharamainhaji.com/paket-haji-plus-kabupaten-tulang-bawang/,"0812-8729-2422, Paket Haji Plus Kabupaten Tulang Bawang"
1014,publish,2025-08-09T03:28:51,paket-haji-plus-kabupaten-tulang-bawang-barat,https://www.elharamainhaji.com/paket-haji-plus-kabupaten-tulang-bawang-barat/,"0812-8729-2422, Paket Haji Plus Kabupaten Tulang Bawang Barat"
1015,publish,2025-08-09T08:20:43,paket-haji-plus-kabupaten-way-kanan,https://www.elharamainhaji.com/paket-haji-plus-kabupaten-way-kanan/,"0812-8729-2422, Paket Haji Plus Kabupaten Way Kanan"
1016,publish,2025-08-10T20:12:55,paket-haji-plus-kota-bandar-lampung,https://www.elharamainhaji.com/paket-haji-plus-kota-bandar-lampung/,"0812-8729-2422, Paket Haji Plus Kota Bandar Lampung"
1017,publish,2025-08-10T23:06:07,paket-haji-plus-kota-metro,https://www.elharamainhaji.com/paket-haji-plus-kota-metro/,"0812-8729-2422, Paket Haji Plus Kota Metro"
1018,publish,2025-08-10T04:11:51,paket-haji-plus-kabupaten-bangka,https://www.elharamainhaji.com/paket-haji-plus-kabupaten-bangka/,"0812-8729-2422, Paket Haji Plus Kabupaten Bangka"
1019,publish,2025-08-11T04:47:50,paket-haji-plus-kabupaten-bangka-barat,https://www.elharamainhaji.com/paket-haji-plus-kabupaten-bangka-barat/,"0812-8729-2422, Paket Haji Plus Kabupaten Bangka Barat"
1020,publish,2025-08-11T22:47:21,paket-haji-plus-kabupaten-bangka-selatan,https://www.elharamainhaji.com/paket-haji-plus-kabupaten-bangka-selatan/,"0812-8729-2422, Paket Haji Plus Kabupaten Bangka Selatan"
1021,publish,2025-08-11T23:48:34,paket-haji-plus-kabupaten-bangka-tengah,https://www.elharamainhaji.com/paket-haji-plus-kabupaten-bangka-tengah/,"0812-8729-2422, Paket Haji Plus Kabupaten Bangka Tengah"
1022,publish,2025-08-12T00:55:04,paket-haji-plus-kabupaten-belitung,https://www.elharamainhaji.com/paket-haji-plus-kabupaten-belitung/,"0812-8729-2422, Paket Haji Plus Kabupaten Belitung"
1023,publish,2025-08-12T18:41:02,paket-haji-plus-kabupaten-belitung-timur,https://www.elharamainhaji.com/paket-haji-plus-kabupaten-belitung-timur/,"0812-8729-2422, Paket Haji Plus Kabupaten Belitung Timur"
1024,publish,2025-08-12T21:46:01,paket-haji-plus-kota-pangkalpinang,https://www.elharamainhaji.com/paket-haji-plus-kota-pangkalpinang/,"0812-8729-2422, Paket Haji Plus Kota Pangkalpinang"
1025,publish,2025-08-13T16:15:49,paket-haji-plus-kabupaten-bintan,https://www.elharamainhaji.com/paket-haji-plus-kabupaten-bintan/,"0812-8729-2422, Paket Haji Plus Kabupaten Bintan"
1026,publish,2025-08-13T01:59:16,paket-haji-plus-kabupaten-karimun,https://www.elharamainhaji.com/paket-haji-plus-kabupaten-karimun/,"0812-8729-2422, Paket Haji Plus Kabupaten Karimun"
1027,publish,2025-08-13T09:54:13,paket-haji-plus-kabupaten-kepulauan-anambas,https://www.elharamainhaji.com/paket-haji-plus-kabupaten-kepulauan-anambas/,"0812-8729-2422, Paket Haji Plus Kabupaten Kepulauan Anambas"
1028,publish,2025-08-14T16:25:49,paket-haji-plus-kabupaten-lingga,https://www.elharamainhaji.com/paket-haji-plus-kabupaten-lingga/,"0812-8729-2422, Paket Haji Plus Kabupaten Lingga"
1029,publish,2025-08-14T03:55:31,paket-haji-plus-kabupaten-natuna,https://www.elharamainhaji.com/paket-haji-plus-kabupaten-natuna/,"0812-8729-2422, Paket Haji Plus Kabupaten Natuna"
1030,publish,2025-08-14T16:13:24,paket-haji-plus-kota-batam,https://www.elharamainhaji.com/paket-haji-plus-kota-batam/,"0812-8729-2422, Paket Haji Plus Kota Batam"
1031,publish,2025-08-15T06:12:33,paket-haji-plus-kota-tanjungpinang,https://www.elharamainhaji.com/paket-haji-plus-kota-tanjungpinang/,"0812-8729-2422, Paket Haji Plus Kota Tanjungpinang"
1032,publish,2025-08-15T10:07:41,paket-haji-plus-kabuapaten-administrasi-kepulauan-seribu,https://www.elharamainhaji.com/paket-haji-plus-kabuapaten-administrasi-kepulauan-seribu/,"0812-8729-2422, Paket Haji Plus Kabuapaten Administrasi Kepulauan Seribu"
1033,publish,2025-08-15T21:48:06,paket-haji-plus-kota-administrasi-jakarta-barat,https://www.elharamainhaji.com/paket-haji-plus-kota-administrasi-jakarta-barat/,"0812-8729-2422, Paket Haji Plus Kota Administrasi Jakarta Barat"
1034,publish,2025-08-16T18:02:51,paket-haji-plus-kota-administrasi-jakarta-pusat,https://www.elharamainhaji.com/paket-haji-plus-kota-administrasi-jakarta-pusat/,"0812-8729-2422, Paket Haji Plus Kota Administrasi Jakarta Pusat"
1035,publish,2025-08-16T14:13:06,paket-haji-plus-kota-administrasi-jakarta-selatan,https://www.elharamainhaji.com/paket-haji-plus-kota-administrasi-jakarta-selatan/,"0812-8729-2422, Paket Haji Plus Kota Administrasi Jakarta Selatan"
1036,publish,2025-08-16T11:53:53,paket-haji-plus-kota-administrasi-jakarta-timur,https://www.elharamainhaji.com/paket-haji-plus-kota-administrasi-jakarta-timur/,"0812-8729-2422, Paket Haji Plus Kota Administrasi Jakarta Timur"
1037,publish,2025-08-17T15:01:45,paket-haji-plus-kota-administrasi-jakarta-utara,https://www.elharamainhaji.com/paket-haji-plus-kota-administrasi-jakarta-utara/,"0812-8729-2422, Paket Haji Plus Kota Administrasi Jakarta Utara"
1038,publish,2025-08-17T16:54:28,paket-haji-plus-kabupaten-bandung,https://www.elharamainhaji.com/paket-haji-plus-kabupaten-bandung/,"0812-8729-2422, Paket Haji Plus Kabupaten Bandung"
1039,publish,2025-08-17T22:54:26,paket-haji-plus-kabupaten-bandung-barat,https://www.elharamainhaji.com/paket-haji-plus-kabupaten-bandung-barat/,"0812-8729-2422, Paket Haji Plus Kabupaten Bandung Barat"
1040,publish,2025-08-18T17:58:21,paket-haji-plus-kabupaten-bekasi,https://www.elharamainhaji.com/paket-haji-plus-kabupaten-bekasi/,"0812-8729-2422, Paket Haji Plus Kabupaten Bekasi"
1041,publish,2025-08-18T04:27:41,paket-haji-plus-kabupaten-bogor,https://www.elharamainhaji.com/paket-haji-plus-kabupaten-bogor/,"0812-8729-2422, Paket Haji Plus Kabupaten Bogor"
1042,publish,2025-08-18T06:00:45,paket-haji-plus-kabupaten-ciamis,https://www.elharamainhaji.com/paket-haji-plus-kabupaten-ciamis/,"0812-8729-2422, Paket Haji Plus Kabupaten Ciamis"
1043,publish,2025-08-19T14:25:25,paket-haji-plus-kabupaten-cianjur,https://www.elharamainhaji.com/paket-haji-plus-kabupaten-cianjur/,"0812-8729-2422, Paket Haji Plus Kabupaten Cianjur"
1044,publish,2025-08-19T21:30:37,paket-haji-plus-kabupaten-cirebon,https://www.elharamainhaji.com/paket-haji-plus-kabupaten-cirebon/,"0812-8729-2422, Paket Haji Plus Kabupaten Cirebon"
1045,publish,2025-08-19T21:16:42,paket-haji-plus-kabupaten-garut,https://www.elharamainhaji.com/paket-haji-plus-kabupaten-garut/,"0812-8729-2422, Paket Haji Plus Kabupaten Garut"
1046,publish,2025-08-20T08:52:27,paket-haji-plus-kabupaten-indramayu,https://www.elharamainhaji.com/paket-haji-plus-kabupaten-indramayu/,"0812-8729-2422, Paket Haji Plus Kabupaten Indramayu"
1047,publish,2025-08-20T15:50:00,paket-haji-plus-kabupaten-karawang,https://www.elharamainhaji.com/paket-haji-plus-kabupaten-karawang/,"0812-8729-2422, Paket Haji Plus Kabupaten Karawang"
1048,publish,2025-08-20T16:56:31,paket-haji-plus-kabupaten-kuningan,https://www.elharamainhaji.com/paket-haji-plus-kabupaten-kuningan/,"0812-8729-2422, Paket Haji Plus Kabupaten Kuningan"
1049,publish,2025-08-21T01:15:43,paket-haji-plus-kabupaten-majalengka,https://www.elharamainhaji.com/paket-haji-plus-kabupaten-majalengka/,"0812-8729-2422, Paket Haji Plus Kabupaten Majalengka"
1050,publish,2025-08-21T22:33:39,paket-haji-plus-kabupaten-pangandaran,https://www.elharamainhaji.com/paket-haji-plus-kabupaten-pangandaran/,"0812-8729-2422, Paket Haji Plus Kabupaten Pangandaran"
1051,publish,2025-08-21T10:16:58,paket-haji-plus-kabupaten-purwakarta,https://www.elharamainhaji.com/paket-haji-plus-kabupaten-purwakarta/,"0812-8729-2422, Paket Haji Plus Kabupaten Purwakarta"
1052,publish,2025-08-22T05:24:22,paket-haji-plus-kabupaten-subang,https://www.elharamainhaji.com/paket-haji-plus-kabupaten-subang/,"0812-8729-2422, Paket Haji Plus Kabupaten Subang"
1053,publish,2025-08-22T00:26:04,paket-haji-plus-kabupaten-sukabumi,https://www.elharamainhaji.com/paket-haji-plus-kabupaten-sukabumi/,"0812-8729-2422, Paket Haji Plus Kabupaten Sukabumi"
1054,publish,2025-08-22T17:35:51,paket-haji-plus-kabupaten-sumedang,https://www.elharamainhaji.com/paket-haji-plus-kabupaten-sumedang/,"0812-8729-2422, Paket Haji Plus Kabupaten Sumedang"
1055,publish,2025-08-23T07:04:54,paket-haji-plus-kabupaten-tasikmalaya,https://www.elharamainhaji.com/paket-haji-plus-kabupaten-tasikmalaya/,"0812-8729-2422, Paket Haji Plus Kabupaten Tasikmalaya"
1056,publish,2025-08-23T02:46:37,paket-haji-plus-kota-bandung,https://www.elharamainhaji.com/paket-haji-plus-kota-bandung/,"0812-8729-2422, Paket Haji Plus Kota Bandung"
1057,publish,2025-08-23T23:55:42,paket-haji-plus-kota-banjar,https://www.elharamainhaji.com/paket-haji-plus-kota-banjar/,"0812-8729-2422, Paket Haji Plus Kota Banjar"
1058,publish,2025-08-24T05:48:10,paket-haji-plus-kota-bekasi,https://www.elharamainhaji.com/paket-haji-plus-kota-bekasi/,"0812-8729-2422, Paket Haji Plus Kota Bekasi"
1059,publish,2025-08-24T20:21:24,paket-haji-plus-kota-bogor,https://www.elharamainhaji.com/paket-haji-plus-kota-bogor/,"0812-8729-2422, Paket Haji Plus Kota Bogor"
1060,publish,2025-08-24T14:24:36,paket-haji-plus-kota-cimahi,https://www.elharamainhaji.com/paket-haji-plus-kota-cimahi/,"0812-8729-2422, Paket Haji Plus Kota Cimahi"
1061,publish,2025-08-25T15:20:23,paket-haji-plus-kota-cirebon,https://www.elharamainhaji.com/paket-haji-plus-kota-cirebon/,"0812-8729-2422, Paket Haji Plus Kota Cirebon"
1062,publish,2025-08-25T11:58:49,paket-haji-plus-kota-depok,https://www.elharamainhaji.com/paket-haji-plus-kota-depok/,"0812-8729-2422, Paket Haji Plus Kota Depok"
1063,publish,2025-08-25T12:39:54,paket-haji-plus-kota-sukabumi,https://www.elharamainhaji.com/paket-haji-plus-kota-sukabumi/,"0812-8729-2422, Paket Haji Plus Kota Sukabumi"
1064,publish,2025-08-26T18:05:41,paket-haji-plus-kota-tasikmalaya,https://www.elharamainhaji.com/paket-haji-plus-kota-tasikmalaya/,"0812-8729-2422, Paket Haji Plus Kota Tasikmalaya"
1065,publish,2025-08-26T09:40:32,paket-haji-plus-kabupaten-banjarnegara,https://www.elharamainhaji.com/paket-haji-plus-kabupaten-banjarnegara/,"0812-8729-2422, Paket Haji Plus Kabupaten Banjarnegara"
1066,publish,2025-08-26T09:30:37,paket-haji-plus-kabupaten-banyumas,https://www.elharamainhaji.com/paket-haji-plus-kabupaten-banyumas/,"0812-8729-2422, Paket Haji Plus Kabupaten Banyumas"
1067,publish,2025-08-27T23:48:39,paket-haji-plus-kabupaten-batang,https://www.elharamainhaji.com/paket-haji-plus-kabupaten-batang/,"0812-8729-2422, Paket Haji Plus Kabupaten Batang"
1068,publish,2025-08-27T15:00:45,paket-haji-plus-kabupaten-blora,https://www.elharamainhaji.com/paket-haji-plus-kabupaten-blora/,"0812-8729-2422, Paket Haji Plus Kabupaten Blora"
1069,publish,2025-08-27T10:13:32,paket-haji-plus-kabupaten-boyolali,https://www.elharamainhaji.com/paket-haji-plus-kabupaten-boyolali/,"0812-8729-2422, Paket Haji Plus Kabupaten Boyolali"
1070,publish,2025-08-28T23:04:32,paket-haji-plus-kabupaten-brebes,https://www.elharamainhaji.com/paket-haji-plus-kabupaten-brebes/,"0812-8729-2422, Paket Haji Plus Kabupaten Brebes"
1071,publish,2025-08-28T00:54:31,paket-haji-plus-kabupaten-cilacap,https://www.elharamainhaji.com/paket-haji-plus-kabupaten-cilacap/,"0812-8729-2422, Paket Haji Plus Kabupaten Cilacap"
1072,publish,2025-08-28T06:27:10,paket-haji-plus-kabupaten-demak,https://www.elharamainhaji.com/paket-haji-plus-kabupaten-demak/,"0812-8729-2422, Paket Haji Plus Kabupaten Demak"
1073,publish,2025-08-29T02:35:58,paket-haji-plus-kabupaten-grobogan,https://www.elharamainhaji.com/paket-haji-plus-kabupaten-grobogan/,"0812-8729-2422, Paket Haji Plus Kabupaten Grobogan"
1074,publish,2025-08-29T01:06:33,paket-haji-plus-kabupaten-jepara,https://www.elharamainhaji.com/paket-haji-plus-kabupaten-jepara/,"0812-8729-2422, Paket Haji Plus Kabupaten Jepara"
1075,publish,2025-08-29T15:37:03,paket-haji-plus-kabupaten-karanganyar,https://www.elharamainhaji.com/paket-haji-plus-kabupaten-karanganyar/,"0812-8729-2422, Paket Haji Plus Kabupaten Karanganyar"
1076,publish,2025-08-30T02:46:14,paket-haji-plus-kabupaten-kebumen,https://www.elharamainhaji.com/paket-haji-plus-kabupaten-kebumen/,"0812-8729-2422, Paket Haji Plus Kabupaten Kebumen"
1077,publish,2025-08-30T18:11:16,paket-haji-plus-kabupaten-kendal,https://www.elharamainhaji.com/paket-haji-plus-kabupaten-kendal/,"0812-8729-2422, Paket Haji Plus Kabupaten Kendal"
1078,publish,2025-08-30T15:13:57,paket-haji-plus-kabupaten-klaten,https://www.elharamainhaji.com/paket-haji-plus-kabupaten-klaten/,"0812-8729-2422, Paket Haji Plus Kabupaten Klaten"
1079,publish,2025-08-31T05:00:11,paket-haji-plus-kabupaten-kudus,https://www.elharamainhaji.com/paket-haji-plus-kabupaten-kudus/,"0812-8729-2422, Paket Haji Plus Kabupaten Kudus"
1080,publish,2025-08-31T01:08:18,paket-haji-plus-kabupaten-magelang,https://www.elharamainhaji.com/paket-haji-plus-kabupaten-magelang/,"0812-8729-2422, Paket Haji Plus Kabupaten Magelang"
1081,publish,2025-08-31T09:39:35,paket-haji-plus-kabupaten-pati,https://www.elharamainhaji.com/paket-haji-plus-kabupaten-pati/,"0812-8729-2422, Paket Haji Plus Kabupaten Pati"
1082,publish,2025-09-01T07:59:02,paket-haji-plus-kabupaten-pekalongan,https://www.elharamainhaji.com/paket-haji-plus-kabupaten-pekalongan/,"0812-8729-2422, Paket Haji Plus Kabupaten Pekalongan"
1083,publish,2025-09-01T13:29:10,paket-haji-plus-kabupaten-pemalang,https://www.elharamainhaji.com/paket-haji-plus-kabupaten-pemalang/,"0812-8729-2422, Paket Haji Plus Kabupaten Pemalang"
1084,publish,2025-09-01T21:20:18,paket-haji-plus-kabupaten-purbalingga,https://www.elharamainhaji.com/paket-haji-plus-kabupaten-purbalingga/,"0812-8729-2422, Paket Haji Plus Kabupaten Purbalingga"
1085,publish,2025-09-02T03:05:41,paket-haji-plus-kabupaten-purworejo,https://www.elharamainhaji.com/paket-haji-plus-kabupaten-purworejo/,"0812-8729-2422, Paket Haji Plus Kabupaten Purworejo"
1086,publish,2025-09-02T07:44:05,paket-haji-plus-kabupaten-rembang,https://www.elharamainhaji.com/paket-haji-plus-kabupaten-rembang/,"0812-8729-2422, Paket Haji Plus Kabupaten Rembang"
1087,publish,2025-09-02T08:25:33,paket-haji-plus-kabupaten-semarang,https://www.elharamainhaji.com/paket-haji-plus-kabupaten-semarang/,"0812-8729-2422, Paket Haji Plus Kabupaten Semarang"
1088,publish,2025-09-03T06:28:43,paket-haji-plus-kabupaten-sragen,https://www.elharamainhaji.com/paket-haji-plus-kabupaten-sragen/,"0812-8729-2422, Paket Haji Plus Kabupaten Sragen"
1089,publish,2025-09-03T23:07:47,paket-haji-plus-kabupaten-sukoharjo,https://www.elharamainhaji.com/paket-haji-plus-kabupaten-sukoharjo/,"0812-8729-2422, Paket Haji Plus Kabupaten Sukoharjo"
1090,publish,2025-09-03T22:22:32,paket-haji-plus-kabupaten-tegal,https://www.elharamainhaji.com/paket-haji-plus-kabupaten-tegal/,"0812-8729-2422, Paket Haji Plus Kabupaten Tegal"
1091,publish,2025-09-04T07:58:59,paket-haji-plus-kabupaten-temanggung,https://www.elharamainhaji.com/paket-haji-plus-kabupaten-temanggung/,"0812-8729-2422, Paket Haji Plus Kabupaten Temanggung"
1092,publish,2025-09-04T11:01:41,paket-haji-plus-kabupaten-wonogiri,https://www.elharamainhaji.com/paket-haji-plus-kabupaten-wonogiri/,"0812-8729-2422, Paket Haji Plus Kabupaten Wonogiri"
1093,publish,2025-09-04T09:24:16,paket-haji-plus-kabupaten-wonosobo,https://www.elharamainhaji.com/paket-haji-plus-kabupaten-wonosobo/,"0812-8729-2422, Paket Haji Plus Kabupaten Wonosobo"
1094,publish,2025-09-05T14:59:38,paket-haji-plus-kota-magelang,https://www.elharamainhaji.com/paket-haji-plus-kota-magelang/,"0812-8729-2422, Paket Haji Plus Kota Magelang"
1095,publish,2025-09-05T20:20:25,paket-haji-plus-kota-pekalongan,https://www.elharamainhaji.com/paket-haji-plus-kota-pekalongan/,"0812-8729-2422, Paket Haji Plus Kota Pekalongan"
1096,publish,2025-09-05T09:46:49,paket-haji-plus-kota-salatiga,https://www.elharamainhaji.com/paket-haji-plus-kota-salatiga/,"0812-8729-2422, Paket Haji Plus Kota Salatiga"
1097,publish,2025-09-06T13:16:45,paket-haji-plus-kota-semarang,https://www.elharamainhaji.com/paket-haji-plus-kota-semarang/,"0812-8729-2422, Paket Haji Plus Kota Semarang"
1098,publish,2025-09-06T14:37:30,paket-haji-plus-kota-surakarta,https://www.elharamainhaji.com/paket-haji-plus-kota-surakarta/,"0812-8729-2422, Paket Haji Plus Kota Surakarta"
1099,publish,2025-09-06T19:27:51,paket-haji-plus-kota-tegal,https://www.elharamainhaji.com/paket-haji-plus-kota-tegal/,"0812-8729-2422, Paket Haji Plus Kota Tegal"
1100,publish,2025-09-07T12:25:46,paket-haji-plus-kabupaten-bantul,https://www.elharamainhaji.com/paket-haji-plus-kabupaten-bantul/,"0812-8729-2422, Paket Haji Plus Kabupaten Bantul"
1101,publish,2025-09-07T00:03:51,paket-haji-plus-kabupaten-gunungkidul,https://www.elharamainhaji.com/paket-haji-plus-kabupaten-gunungkidul/,"0812-8729-2422, Paket Haji Plus Kabupaten Gunungkidul"
1102,publish,2025-09-07T18:16:26,paket-haji-plus-kabupaten-kulon-progo,https://www.elharamainhaji.com/paket-haji-plus-kabupaten-kulon-progo/,"0812-8729-2422, Paket Haji Plus Kabupaten Kulon Progo"
1103,publish,2025-09-08T12:29:41,paket-haji-plus-kabupaten-sleman,https://www.elharamainhaji.com/paket-haji-plus-kabupaten-sleman/,"0812-8729-2422, Paket Haji Plus Kabupaten Sleman"
1104,publish,2025-09-08T03:11:27,paket-haji-plus-kota-yogyakarta,https://www.elharamainhaji.com/paket-haji-plus-kota-yogyakarta/,"0812-8729-2422, Paket Haji Plus Kota Yogyakarta"
1105,publish,2025-09-08T20:52:05,paket-haji-plus-kabupaten-bangkalan,https://www.elharamainhaji.com/paket-haji-plus-kabupaten-bangkalan/,"0812-8729-2422, Paket Haji Plus Kabupaten Bangkalan"
1106,publish,2025-09-09T16:05:38,paket-haji-plus-kabupaten-blitar,https://www.elharamainhaji.com/paket-haji-plus-kabupaten-blitar/,"0812-8729-2422, Paket Haji Plus Kabupaten Blitar"
1107,publish,2025-09-09T07:18:01,paket-haji-plus-kabupaten-bojonegoro,https://www.elharamainhaji.com/paket-haji-plus-kabupaten-bojonegoro/,"0812-8729-2422, Paket Haji Plus Kabupaten Bojonegoro"
1108,publish,2025-09-10T22:15:57,paket-haji-plus-kabupaten-bondowoso,https://www.elharamainhaji.com/paket-haji-plus-kabupaten-bondowoso/,"0812-8729-2422, Paket Haji Plus Kabupaten Bondowoso"
1109,publish,2025-09-10T22:39:22,paket-haji-plus-kabupaten-gresik,https://www.elharamainhaji.com/paket-haji-plus-kabupaten-gresik/,"0812-8729-2422, Paket Haji Plus Kabupaten Gresik"
1110,publish,2025-09-10T04:12:52,paket-haji-plus-kabupaten-jember,https://www.elharamainhaji.com/paket-haji-plus-kabupaten-jember/,"0812-8729-2422, Paket Haji Plus Kabupaten Jember"
1111,publish,2025-09-11T14:28:01,paket-haji-plus-kabupaten-jombang,https://www.elharamainhaji.com/paket-haji-plus-kabupaten-jombang/,"0812-8729-2422, Paket Haji Plus Kabupaten Jombang"
1112,publish,2025-09-11T15:20:53,paket-haji-plus-kabupaten-kediri,https://www.elharamainhaji.com/paket-haji-plus-kabupaten-kediri/,"0812-8729-2422, Paket Haji Plus Kabupaten Kediri"
1113,publish,2025-09-11T15:56:42,paket-haji-plus-kabupaten-lamongan,https://www.elharamainhaji.com/paket-haji-plus-kabupaten-lamongan/,"0812-8729-2422, Paket Haji Plus Kabupaten Lamongan"
1114,publish,2025-09-12T17:29:48,paket-haji-plus-kabupaten-madiun,https://www.elharamainhaji.com/paket-haji-plus-kabupaten-madiun/,"0812-8729-2422, Paket Haji Plus Kabupaten Madiun"
1115,publish,2025-09-12T15:41:55,paket-haji-plus-kabupaten-magetan,https://www.elharamainhaji.com/paket-haji-plus-kabupaten-magetan/,"0812-8729-2422, Paket Haji Plus Kabupaten Magetan"
1116,publish,2025-09-13T22:08:05,paket-haji-plus-kabupaten-malang,https://www.elharamainhaji.com/paket-haji-plus-kabupaten-malang/,"0812-8729-2422, Paket Haji Plus Kabupaten Malang"
1117,publish,2025-09-14T00:14:17,paket-haji-plus-kabupaten-ngawi,https://www.elharamainhaji.com/paket-haji-plus-kabupaten-ngawi/,"0812-8729-2422, Paket Haji Plus Kabupaten Ngawi"
1118,publish,2025-09-14T20:29:18,paket-haji-plus-kabupaten-pacitan,https://www.elharamainhaji.com/paket-haji-plus-kabupaten-pacitan/,"0812-8729-2422, Paket Haji Plus Kabupaten Pacitan"
1119,publish,2025-09-15T08:29:02,paket-haji-plus-kabupaten-pasuruan,https://www.elharamainhaji.com/paket-haji-plus-kabupaten-pasuruan/,"0812-8729-2422, Paket Haji Plus Kabupaten Pasuruan"
1120,publish,2025-09-19T12:46:08,paket-haji-plus-kota-malang,https://www.elharamainhaji.com/paket-haji-plus-kota-malang/,"0812-8729-2422, Paket Haji Plus Kota Malang"
1121,publish,2025-09-20T11:02:26,paket-haji-plus-kota-pasuruan,https://www.elharamainhaji.com/paket-haji-plus-kota-pasuruan/,"0812-8729-2422, Paket Haji Plus Kota Pasuruan"
1122,publish,2025-09-20T21:53:48,paket-haji-plus-kota-probolinggo,https://www.elharamainhaji.com/paket-haji-plus-kota-probolinggo/,"0812-8729-2422, Paket Haji Plus Kota Probolinggo"
1123,publish,2025-09-21T05:51:24,paket-haji-plus-kota-surabaya,https://www.elharamainhaji.com/paket-haji-plus-kota-surabaya/,"0812-8729-2422, Paket Haji Plus Kota Surabaya"
1124,publish,2025-09-21T04:40:35,paket-haji-plus-kabupaten-lebak,https://www.elharamainhaji.com/paket-haji-plus-kabupaten-lebak/,"0812-8729-2422, Paket Haji Plus Kabupaten Lebak"
1125,publish,2025-09-21T17:32:37,paket-haji-plus-kabupaten-pandeglang,https://www.elharamainhaji.com/paket-haji-plus-kabupaten-pandeglang/,"0812-8729-2422, Paket Haji Plus Kabupaten Pandeglang"
1126,publish,2025-09-22T21:24:59,paket-haji-plus-kabupaten-serang,https://www.elharamainhaji.com/paket-haji-plus-kabupaten-serang/,"0812-8729-2422, Paket Haji Plus Kabupaten Serang"
1127,publish,2025-09-22T23:05:31,paket-haji-plus-kabupaten-tangerang,https://www.elharamainhaji.com/paket-haji-plus-kabupaten-tangerang/,"0812-8729-2422, Paket Haji Plus Kabupaten Tangerang"
1128,publish,2025-09-23T19:53:05,paket-haji-plus-kota-serang,https://www.elharamainhaji.com/paket-haji-plus-kota-serang/,"0812-8729-2422, Paket Haji Plus Kota Serang"
1129,publish,2025-09-23T10:28:11,paket-haji-plus-kota-tangerang,https://www.elharamainhaji.com/paket-haji-plus-kota-tangerang/,"0812-8729-2422, Paket Haji Plus Kota Tangerang"
1130,publish,2025-09-23T15:30:53,paket-haji-plus-kota-tangerang-selatan,https://www.elharamainhaji.com/paket-haji-plus-kota-tangerang-selatan/,"0812-8729-2422, Paket Haji Plus Kota Tangerang Selatan"
1131,publish,2025-09-24T15:12:19,paket-haji-plus-kabupaten-buleleng,https://www.elharamainhaji.com/paket-haji-plus-kabupaten-buleleng/,"0812-8729-2422, Paket Haji Plus Kabupaten Buleleng"
1132,publish,2025-09-25T13:28:53,paket-haji-plus-kabupaten-gianyar,https://www.elharamainhaji.com/paket-haji-plus-kabupaten-gianyar/,"0812-8729-2422, Paket Haji Plus Kabupaten Gianyar"
1133,publish,2025-09-25T01:56:33,paket-haji-plus-kabupaten-jembrana,https://www.elharamainhaji.com/paket-haji-plus-kabupaten-jembrana/,"0812-8729-2422, Paket Haji Plus Kabupaten Jembrana"
1134,publish,2025-09-25T10:30:26,paket-haji-plus-kabupaten-karangasem,https://www.elharamainhaji.com/paket-haji-plus-kabupaten-karangasem/,"0812-8729-2422, Paket Haji Plus Kabupaten Karangasem"
1135,publish,2025-09-26T14:07:56,paket-haji-plus-kabupaten-klungkung,https://www.elharamainhaji.com/paket-haji-plus-kabupaten-klungkung/,"0812-8729-2422, Paket Haji Plus Kabupaten Klungkung"
1136,publish,2025-09-26T13:30:03,paket-haji-plus-kabupaten-tabanan,https://www.elharamainhaji.com/paket-haji-plus-kabupaten-tabanan/,"0812-8729-2422, Paket Haji Plus Kabupaten Tabanan"
1137,publish,2025-09-26T15:53:51,paket-haji-plus-kota-denpasar,https://www.elharamainhaji.com/paket-haji-plus-kota-denpasar/,"0812-8729-2422, Paket Haji Plus Kota Denpasar"
1138,publish,2025-09-27T06:43:06,paket-haji-plus-kabupaten-bima,https://www.elharamainhaji.com/paket-haji-plus-kabupaten-bima/,"0812-8729-2422, Paket Haji Plus Kabupaten Bima"
1139,publish,2025-09-27T18:14:43,paket-haji-plus-kabupaten-dompu,https://www.elharamainhaji.com/paket-haji-plus-kabupaten-dompu/,"0812-8729-2422, Paket Haji Plus Kabupaten Dompu"
1140,publish,2025-09-27T21:59:44,paket-haji-plus-kabupaten-lombok-barat,https://www.elharamainhaji.com/paket-haji-plus-kabupaten-lombok-barat/,"0812-8729-2422, Paket Haji Plus Kabupaten Lombok Barat"
1141,publish,2025-09-28T01:14:18,paket-haji-plus-kabupaten-lombok-tengah,https://www.elharamainhaji.com/paket-haji-plus-kabupaten-lombok-tengah/,"0812-8729-2422, Paket Haji Plus Kabupaten Lombok Tengah"
1142,publish,2025-09-28T00:26:18,paket-haji-plus-kabupaten-lombok-utara,https://www.elharamainhaji.com/paket-haji-plus-kabupaten-lombok-utara/,"0812-8729-2422, Paket Haji Plus Kabupaten Lombok Utara"
1143,publish,2025-09-29T03:58:44,paket-haji-plus-kabupaten-sumbawa,https://www.elharamainhaji.com/paket-haji-plus-kabupaten-sumbawa/,"0812-8729-2422, Paket Haji Plus Kabupaten Sumbawa"
1144,publish,2025-09-29T18:28:36,paket-haji-plus-kabupaten-sumbawa-barat,https://www.elharamainhaji.com/paket-haji-plus-kabupaten-sumbawa-barat/,"0812-8729-2422, Paket Haji Plus Kabupaten Sumbawa Barat"
1145,publish,2025-09-29T22:24:53,paket-haji-plus-kota-bima,https://www.elharamainhaji.com/paket-haji-plus-kota-bima/,"0812-8729-2422, Paket Haji Plus Kota Bima"
1146,publish,2025-09-30T08:44:36,paket-haji-plus-kota-mataram,https://www.elharamainhaji.com/paket-haji-plus-kota-mataram/,"0812-8729-2422, Paket Haji Plus Kota Mataram"
1148,publish,2025-09-30T06:59:30,paket-haji-plus-kabupaten-belu,https://www.elharamainhaji.com/paket-haji-plus-kabupaten-belu/,"0812-8729-2422, Paket Haji Plus Kabupaten Belu"
1149,publish,2025-10-01T23:42:22,paket-haji-plus-kabupaten-ende,https://www.elharamainhaji.com/paket-haji-plus-kabupaten-ende/,"0812-8729-2422, Paket Haji Plus Kabupaten Ende"
1150,publish,2025-10-01T23:18:37,paket-haji-plus-kabupaten-flores-timur,https://www.elharamainhaji.com/paket-haji-plus-kabupaten-flores-timur/,"0812-8729-2422, Paket Haji Plus Kabupaten Flores Timur"
1151,publish,2025-10-01T02:08:49,paket-haji-plus-kabupaten-kupang,https://www.elharamainhaji.com/paket-haji-plus-kabupaten-kupang/,"0812-8729-2422, Paket Haji Plus Kabupaten Kupang"
1152,publish,2025-10-02T07:53:56,paket-haji-plus-kabupaten-lembata,https://www.elharamainhaji.com/paket-haji-plus-kabupaten-lembata/,"0812-8729-2422, Paket Haji Plus Kabupaten Lembata"
1153,publish,2025-10-02T06:28:33,paket-haji-plus-kabupaten-malaka,https://www.elharamainhaji.com/paket-haji-plus-kabupaten-malaka/,"0812-8729-2422, Paket Haji Plus Kabupaten Malaka"
1154,publish,2025-10-02T11:31:22,paket-haji-plus-kabupaten-manggarai,https://www.elharamainhaji.com/paket-haji-plus-kabupaten-manggarai/,"0812-8729-2422, Paket Haji Plus Kabupaten Manggarai"
1155,publish,2025-10-03T14:07:33,paket-haji-plus-kabupaten-manggarai-barat,https://www.elharamainhaji.com/paket-haji-plus-kabupaten-manggarai-barat/,"0812-8729-2422, Paket Haji Plus Kabupaten Manggarai Barat"
1156,publish,2025-10-03T03:58:37,paket-haji-plus-kabupaten-manggarai-timur,https://www.elharamainhaji.com/paket-haji-plus-kabupaten-manggarai-timur/,"0812-8729-2422, Paket Haji Plus Kabupaten Manggarai Timur"
1157,publish,2025-10-03T06:10:41,paket-haji-plus-kabupaten-nagekeo,https://www.elharamainhaji.com/paket-haji-plus-kabupaten-nagekeo/,"0812-8729-2422, Paket Haji Plus Kabupaten Nagekeo"
1158,publish,2025-10-04T08:12:16,paket-haji-plus-kabupaten-ngada,https://www.elharamainhaji.com/paket-haji-plus-kabupaten-ngada/,"0812-8729-2422, Paket Haji Plus Kabupaten Ngada"
1159,publish,2025-10-04T20:40:40,paket-haji-plus-kabupaten-rote-ndao,https://www.elharamainhaji.com/paket-haji-plus-kabupaten-rote-ndao/,"0812-8729-2422, Paket Haji Plus Kabupaten Rote Ndao"
1160,publish,2025-10-04T08:11:49,paket-haji-plus-kabupaten-sabu-raijua,https://www.elharamainhaji.com/paket-haji-plus-kabupaten-sabu-raijua/,"0812-8729-2422, Paket Haji Plus Kabupaten Sabu Raijua"
1161,publish,2025-10-05T16:01:51,paket-haji-plus-kabupaten-sikka,https://www.elharamainhaji.com/paket-haji-plus-kabupaten-sikka/,"0812-8729-2422, Paket Haji Plus Kabupaten Sikka"
1162,publish,2025-10-05T22:00:51,paket-haji-plus-kabupaten-sumba-barat,https://www.elharamainhaji.com/paket-haji-plus-kabupaten-sumba-barat/,"0812-8729-2422, Paket Haji Plus Kabupaten Sumba Barat"
1163,publish,2025-10-05T17:08:28,paket-haji-plus-kabupaten-sumba-barat-daya,https://www.elharamainhaji.com/paket-haji-plus-kabupaten-sumba-barat-daya/,"0812-8729-2422, Paket Haji Plus Kabupaten Sumba Barat Daya"
1164,publish,2025-10-06T10:41:53,paket-haji-plus-kabupaten-sumba-tengah,https://www.elharamainhaji.com/paket-haji-plus-kabupaten-sumba-tengah/,"0812-8729-2422, Paket Haji Plus Kabupaten Sumba Tengah"
1165,publish,2025-10-06T09:37:00,paket-haji-plus-kabupaten-sumba-timur,https://www.elharamainhaji.com/paket-haji-plus-kabupaten-sumba-timur/,"0812-8729-2422, Paket Haji Plus Kabupaten Sumba Timur"
1166,publish,2025-10-06T16:36:28,paket-haji-plus-kabupaten-timor-tengah-selatan,https://www.elharamainhaji.com/paket-haji-plus-kabupaten-timor-tengah-selatan/,"0812-8729-2422, Paket Haji Plus Kabupaten Timor Tengah Selatan"
1167,publish,2025-10-07T18:58:39,paket-haji-plus-kabupaten-timor-tengah-utara,https://www.elharamainhaji.com/paket-haji-plus-kabupaten-timor-tengah-utara/,"0812-8729-2422, Paket Haji Plus Kabupaten Timor Tengah Utara"
1168,publish,2025-10-07T15:28:05,paket-haji-plus-kota-kupang,https://www.elharamainhaji.com/paket-haji-plus-kota-kupang/,"0812-8729-2422, Paket Haji Plus Kota Kupang"
1169,publish,2025-10-07T12:27:39,paket-haji-plus-kabupaten-bengkayang,https://www.elharamainhaji.com/paket-haji-plus-kabupaten-bengkayang/,"0812-8729-2422, Paket Haji Plus Kabupaten Bengkayang"
1170,publish,2025-10-08T23:36:58,paket-haji-plus-kabupaten-kapuas-hulu,https://www.elharamainhaji.com/paket-haji-plus-kabupaten-kapuas-hulu/,"0812-8729-2422, Paket Haji Plus Kabupaten Kapuas Hulu"
1171,publish,2025-10-08T05:24:02,paket-haji-plus-kabupaten-kayong-utara,https://www.elharamainhaji.com/paket-haji-plus-kabupaten-kayong-utara/,"0812-8729-2422, Paket Haji Plus Kabupaten Kayong Utara"
1172,publish,2025-10-08T07:26:51,paket-haji-plus-kabupaten-ketapang,https://www.elharamainhaji.com/paket-haji-plus-kabupaten-ketapang/,"0812-8729-2422, Paket Haji Plus Kabupaten Ketapang"
1173,publish,2025-10-09T02:45:21,paket-haji-plus-kabupaten-kubu-raya,https://www.elharamainhaji.com/paket-haji-plus-kabupaten-kubu-raya/,"0812-8729-2422, Paket Haji Plus Kabupaten Kubu Raya"
1174,publish,2025-10-09T00:51:44,paket-haji-plus-kabupaten-landak,https://www.elharamainhaji.com/paket-haji-plus-kabupaten-landak/,"0812-8729-2422, Paket Haji Plus Kabupaten Landak"
1175,publish,2025-10-09T21:25:19,paket-haji-plus-kabupaten-melawi,https://www.elharamainhaji.com/paket-haji-plus-kabupaten-melawi/,"0812-8729-2422, Paket Haji Plus Kabupaten Melawi"
1176,publish,2025-10-10T13:47:22,paket-haji-plus-kabupaten-mempawah,https://www.elharamainhaji.com/paket-haji-plus-kabupaten-mempawah/,"0812-8729-2422, Paket Haji Plus Kabupaten Mempawah"
1177,publish,2025-10-10T20:08:18,paket-haji-plus-kabupaten-sambas,https://www.elharamainhaji.com/paket-haji-plus-kabupaten-sambas/,"0812-8729-2422, Paket Haji Plus Kabupaten Sambas"
1178,publish,2025-10-10T19:00:42,paket-haji-plus-kabupaten-sanggau,https://www.elharamainhaji.com/paket-haji-plus-kabupaten-sanggau/,"0812-8729-2422, Paket Haji Plus Kabupaten Sanggau"
1179,publish,2025-10-11T14:16:41,paket-haji-plus-kabupaten-sekadau,https://www.elharamainhaji.com/paket-haji-plus-kabupaten-sekadau/,"0812-8729-2422, Paket Haji Plus Kabupaten Sekadau"
1180,publish,2025-10-11T01:42:24,paket-haji-plus-kabupaten-sintang,https://www.elharamainhaji.com/paket-haji-plus-kabupaten-sintang/,"0812-8729-2422, Paket Haji Plus Kabupaten Sintang"
1181,publish,2025-10-11T09:14:14,paket-haji-plus-kota-pontianak,https://www.elharamainhaji.com/paket-haji-plus-kota-pontianak/,"0812-8729-2422, Paket Haji Plus Kota Pontianak"
1182,publish,2025-10-12T14:18:47,paket-haji-plus-kota-singkawang,https://www.elharamainhaji.com/paket-haji-plus-kota-singkawang/,"0812-8729-2422, Paket Haji Plus Kota Singkawang"
1183,publish,2025-10-12T21:52:39,paket-haji-plus-kabupaten-barito-selatan,https://www.elharamainhaji.com/paket-haji-plus-kabupaten-barito-selatan/,"0812-8729-2422, Paket Haji Plus Kabupaten Barito Selatan"
1184,publish,2025-10-12T23:52:20,paket-haji-plus-kabupaten-barito-timur,https://www.elharamainhaji.com/paket-haji-plus-kabupaten-barito-timur/,"0812-8729-2422, Paket Haji Plus Kabupaten Barito Timur"
1185,publish,2025-10-13T05:11:06,paket-haji-plus-kabupaten-barito-utara,https://www.elharamainhaji.com/paket-haji-plus-kabupaten-barito-utara/,"0812-8729-2422, Paket Haji Plus Kabupaten Barito Utara"
1186,publish,2025-10-13T03:57:55,paket-haji-plus-kabupaten-gunung-mas,https://www.elharamainhaji.com/paket-haji-plus-kabupaten-gunung-mas/,"0812-8729-2422, Paket Haji Plus Kabupaten Gunung Mas"
1187,publish,2025-10-13T22:32:23,paket-haji-plus-kabupaten-kapuas,https://www.elharamainhaji.com/paket-haji-plus-kabupaten-kapuas/,"0812-8729-2422, Paket Haji Plus Kabupaten Kapuas"
1188,publish,2025-10-14T12:22:38,paket-haji-plus-kabupaten-katingan,https://www.elharamainhaji.com/paket-haji-plus-kabupaten-katingan/,"0812-8729-2422, Paket Haji Plus Kabupaten Katingan"
1189,publish,2025-10-14T09:46:49,paket-haji-plus-kabupaten-kotawaringin-barat,https://www.elharamainhaji.com/paket-haji-plus-kabupaten-kotawaringin-barat/,"0812-8729-2422, Paket Haji Plus Kabupaten Kotawaringin Barat"
1190,publish,2025-10-14T05:30:31,paket-haji-plus-kabupaten-kotawaringin-timur,https://www.elharamainhaji.com/paket-haji-plus-kabupaten-kotawaringin-timur/,"0812-8729-2422, Paket Haji Plus Kabupaten Kotawaringin Timur"
1191,publish,2025-10-15T05:22:19,paket-haji-plus-kabupaten-lamandau,https://www.elharamainhaji.com/paket-haji-plus-kabupaten-lamandau/,"0812-8729-2422, Paket Haji Plus Kabupaten Lamandau"
1192,publish,2025-10-15T05:59:26,paket-haji-plus-kabupaten-murung-raya,https://www.elharamainhaji.com/paket-haji-plus-kabupaten-murung-raya/,"0812-8729-2422, Paket Haji Plus Kabupaten Murung Raya"
1193,publish,2025-10-15T17:28:00,paket-haji-plus-kabupaten-pulang-pisau,https://www.elharamainhaji.com/paket-haji-plus-kabupaten-pulang-pisau/,"0812-8729-2422, Paket Haji Plus Kabupaten Pulang Pisau"
1194,publish,2025-10-16T07:47:17,paket-haji-plus-kabupaten-sukamara,https://www.elharamainhaji.com/paket-haji-plus-kabupaten-sukamara/,"0812-8729-2422, Paket Haji Plus Kabupaten Sukamara"
1195,publish,2025-10-16T11:21:04,paket-haji-plus-kota-palangka-raya,https://www.elharamainhaji.com/paket-haji-plus-kota-palangka-raya/,"0812-8729-2422, Paket Haji Plus Kota Palangka Raya"
1196,publish,2025-10-17T18:48:37,paket-haji-plus-kabupaten-banjar,https://www.elharamainhaji.com/paket-haji-plus-kabupaten-banjar/,"0812-8729-2422, Paket Haji Plus Kabupaten Banjar"
1197,publish,2025-10-17T23:15:34,paket-haji-plus-kabupaten-barito-kuala,https://www.elharamainhaji.com/paket-haji-plus-kabupaten-barito-kuala/,"0812-8729-2422, Paket Haji Plus Kabupaten Barito Kuala"
1198,publish,2025-10-18T22:07:00,paket-haji-plus-kabupaten-hulu-sungai-utara,https://www.elharamainhaji.com/paket-haji-plus-kabupaten-hulu-sungai-utara/,"0812-8729-2422, Paket Haji Plus Kabupaten Hulu Sungai Utara"
1199,publish,2025-10-19T22:30:48,paket-haji-plus-kabupaten-kotabaru,https://www.elharamainhaji.com/paket-haji-plus-kabupaten-kotabaru/,"0812-8729-2422, Paket Haji Plus Kabupaten Kotabaru"
1200,publish,2025-10-19T06:38:43,paket-haji-plus-kabupaten-tabalong,https://www.elharamainhaji.com/paket-haji-plus-kabupaten-tabalong/,"0812-8729-2422, Paket Haji Plus Kabupaten Tabalong"
1201,publish,2025-10-20T15:43:37,paket-haji-plus-kabupaten-tanah-laut,https://www.elharamainhaji.com/paket-haji-plus-kabupaten-tanah-laut/,"0812-8729-2422, Paket Haji Plus Kabupaten Tanah Laut"
1202,publish,2025-10-20T14:47:41,paket-haji-plus-kabupaten-tapin,https://www.elharamainhaji.com/paket-haji-plus-kabupaten-tapin/,"0812-8729-2422, Paket Haji Plus Kabupaten Tapin"
1203,publish,2025-10-20T01:00:34,paket-haji-plus-kota-banjarbaru,https://www.elharamainhaji.com/paket-haji-plus-kota-banjarbaru/,"0812-8729-2422, Paket Haji Plus Kota Banjarbaru"
1204,publish,2025-10-21T20:27:22,paket-haji-plus-kota-banjarmasin,https://www.elharamainhaji.com/paket-haji-plus-kota-banjarmasin/,"0812-8729-2422, Paket Haji Plus Kota Banjarmasin"
1205,publish,2025-10-21T14:35:26,paket-haji-plus-kabupaten-berau,https://www.elharamainhaji.com/paket-haji-plus-kabupaten-berau/,"0812-8729-2422, Paket Haji Plus Kabupaten Berau"
1206,publish,2025-10-21T05:38:11,paket-haji-plus-kabupaten-kutai-barat,https://www.elharamainhaji.com/paket-haji-plus-kabupaten-kutai-barat/,"0812-8729-2422, Paket Haji Plus Kabupaten Kutai Barat"
1207,publish,2025-10-22T02:00:50,paket-haji-plus-kabupaten-kutai-kartanegara,https://www.elharamainhaji.com/paket-haji-plus-kabupaten-kutai-kartanegara/,"0812-8729-2422, Paket Haji Plus Kabupaten Kutai Kartanegara"
1208,publish,2025-10-22T13:22:04,paket-haji-plus-kabupaten-kutai-timur,https://www.elharamainhaji.com/paket-haji-plus-kabupaten-kutai-timur/,"0812-8729-2422, Paket Haji Plus Kabupaten Kutai Timur"
1209,publish,2025-10-22T01:15:16,paket-haji-plus-kabupaten-mahakam-ulu,https://www.elharamainhaji.com/paket-haji-plus-kabupaten-mahakam-ulu/,"0812-8729-2422, Paket Haji Plus Kabupaten Mahakam Ulu"
1210,publish,2025-10-23T20:45:13,paket-haji-plus-kabupaten-penajam-paser-utara,https://www.elharamainhaji.com/paket-haji-plus-kabupaten-penajam-paser-utara/,"0812-8729-2422, Paket Haji Plus Kabupaten Penajam Paser Utara"
1211,publish,2025-10-23T01:40:06,paket-haji-plus-kota-balikpapan,https://www.elharamainhaji.com/paket-haji-plus-kota-balikpapan/,"0812-8729-2422, Paket Haji Plus Kota Balikpapan"
1212,publish,2025-10-24T12:22:40,paket-haji-plus-kota-bontang,https://www.elharamainhaji.com/paket-haji-plus-kota-bontang/,"0812-8729-2422, Paket Haji Plus Kota Bontang"
1213,publish,2025-10-24T13:31:22,paket-haji-plus-kota-samarinda,https://www.elharamainhaji.com/paket-haji-plus-kota-samarinda/,"0812-8729-2422, Paket Haji Plus Kota Samarinda"
1214,publish,2025-10-24T14:47:17,paket-haji-plus-kabupaten-bulungan,https://www.elharamainhaji.com/paket-haji-plus-kabupaten-bulungan/,"0812-8729-2422, Paket Haji Plus Kabupaten Bulungan"
1215,publish,2025-10-25T15:26:52,paket-haji-plus-kabupaten-malinau,https://www.elharamainhaji.com/paket-haji-plus-kabupaten-malinau/,"0812-8729-2422, Paket Haji Plus Kabupaten Malinau"
1216,publish,2025-10-25T20:00:50,paket-haji-plus-kabupaten-nunukan,https://www.elharamainhaji.com/paket-haji-plus-kabupaten-nunukan/,"0812-8729-2422, Paket Haji Plus Kabupaten Nunukan"
1217,publish,2025-10-25T07:46:57,paket-haji-plus-kabupaten-tana-tidung,https://www.elharamainhaji.com/paket-haji-plus-kabupaten-tana-tidung/,"0812-8729-2422, Paket Haji Plus Kabupaten Tana Tidung"
1218,publish,2025-10-26T14:55:45,paket-haji-plus-kabupaten-bolaang-mongondow,https://www.elharamainhaji.com/paket-haji-plus-kabupaten-bolaang-mongondow/,"0812-8729-2422, Paket Haji Plus Kabupaten Bolaang Mongondow"
1219,publish,2025-10-26T09:32:32,paket-haji-plus-kabupaten-bolaang-mongondow-selatan,https://www.elharamainhaji.com/paket-haji-plus-kabupaten-bolaang-mongondow-selatan/,"0812-8729-2422, Paket Haji Plus Kabupaten Bolaang Mongondow Selatan"
1220,publish,2025-10-27T15:09:14,paket-haji-plus-kabupaten-bolaang-mongondow-timur,https://www.elharamainhaji.com/paket-haji-plus-kabupaten-bolaang-mongondow-timur/,"0812-8729-2422, Paket Haji Plus Kabupaten Bolaang Mongondow Timur"
1221,publish,2025-10-27T22:19:25,paket-haji-plus-kabupaten-bolaang-mongondow-utara,https://www.elharamainhaji.com/paket-haji-plus-kabupaten-bolaang-mongondow-utara/,"0812-8729-2422, Paket Haji Plus Kabupaten Bolaang Mongondow Utara"
1222,publish,2025-10-27T12:35:20,paket-haji-plus-kabupaten-kepulauan-sangihe,https://www.elharamainhaji.com/paket-haji-plus-kabupaten-kepulauan-sangihe/,"0812-8729-2422, Paket Haji Plus Kabupaten Kepulauan Sangihe"
1223,publish,2025-10-28T03:08:51,paket-haji-plus-kabupaten-kepulauan-siau-tagulandang-biaro,https://www.elharamainhaji.com/paket-haji-plus-kabupaten-kepulauan-siau-tagulandang-biaro/,"0812-8729-2422, Paket Haji Plus Kabupaten Kepulauan Siau Tagulandang Biaro"
1224,publish,2025-10-28T10:47:51,paket-haji-plus-kabupaten-kepulauan-talaud,https://www.elharamainhaji.com/paket-haji-plus-kabupaten-kepulauan-talaud/,"0812-8729-2422, Paket Haji Plus Kabupaten Kepulauan Talaud"
1225,publish,2025-10-28T08:07:17,paket-haji-plus-kabupaten-minahasa,https://www.elharamainhaji.com/paket-haji-plus-kabupaten-minahasa/,"0812-8729-2422, Paket Haji Plus Kabupaten Minahasa"
1226,publish,2025-10-29T08:35:29,paket-haji-plus-kabupaten-minahasa-selatan,https://www.elharamainhaji.com/paket-haji-plus-kabupaten-minahasa-selatan/,"0812-8729-2422, Paket Haji Plus Kabupaten Minahasa Selatan"
1227,publish,2025-10-29T22:15:14,paket-haji-plus-kabupaten-minahasa-tenggara,https://www.elharamainhaji.com/paket-haji-plus-kabupaten-minahasa-tenggara/,"0812-8729-2422, Paket Haji Plus Kabupaten Minahasa Tenggara"
1228,publish,2025-10-30T17:43:26,paket-haji-plus-kota-bitung,https://www.elharamainhaji.com/paket-haji-plus-kota-bitung/,"0812-8729-2422, Paket Haji Plus Kota Bitung"
1229,publish,2025-10-30T21:11:40,paket-haji-plus-kota-kotamobagu,https://www.elharamainhaji.com/paket-haji-plus-kota-kotamobagu/,"0812-8729-2422, Paket Haji Plus Kota Kotamobagu"
1230,publish,2025-10-30T09:02:03,paket-haji-plus-kota-manado,https://www.elharamainhaji.com/paket-haji-plus-kota-manado/,"0812-8729-2422, Paket Haji Plus Kota Manado"
1231,publish,2025-10-31T15:40:30,paket-haji-plus-kota-tomohon,https://www.elharamainhaji.com/paket-haji-plus-kota-tomohon/,"0812-8729-2422, Paket Haji Plus Kota Tomohon"
1232,publish,2025-10-31T22:13:15,paket-haji-plus-kabupaten-banggai,https://www.elharamainhaji.com/paket-haji-plus-kabupaten-banggai/,"0812-8729-2422, Paket Haji Plus Kabupaten Banggai"
1233,publish,2025-10-31T00:38:33,paket-haji-plus-kabupaten-banggai-kepulauan,https://www.elharamainhaji.com/paket-haji-plus-kabupaten-banggai-kepulauan/,"0812-8729-2422, Paket Haji Plus Kabupaten Banggai Kepulauan"
1234,publish,2025-11-01T18:16:36,paket-haji-plus-kabupaten-banggai-laut,https://www.elharamainhaji.com/paket-haji-plus-kabupaten-banggai-laut/,"0812-8729-2422, Paket Haji Plus Kabupaten Banggai Laut"
1235,publish,2025-11-01T07:57:56,paket-haji-plus-kabupaten-buol,https://www.elharamainhaji.com/paket-haji-plus-kabupaten-buol/,"0812-8729-2422, Paket Haji Plus Kabupaten Buol"
1236,publish,2025-11-01T16:32:08,paket-haji-plus-kabupaten-donggala,https://www.elharamainhaji.com/paket-haji-plus-kabupaten-donggala/,"0812-8729-2422, Paket Haji Plus Kabupaten Donggala"
1237,publish,2025-11-02T00:21:57,paket-haji-plus-kabupaten-morowali,https://www.elharamainhaji.com/paket-haji-plus-kabupaten-morowali/,"0812-8729-2422, Paket Haji Plus Kabupaten Morowali"
1238,publish,2025-11-02T07:45:06,paket-haji-plus-kabupaten-morowali-utara,https://www.elharamainhaji.com/paket-haji-plus-kabupaten-morowali-utara/,"0812-8729-2422, Paket Haji Plus Kabupaten Morowali Utara"
1239,publish,2025-11-02T13:30:10,paket-haji-plus-kabupaten-parigi-moutong,https://www.elharamainhaji.com/paket-haji-plus-kabupaten-parigi-moutong/,"0812-8729-2422, Paket Haji Plus Kabupaten Parigi Moutong"
1240,publish,2025-11-03T19:14:55,paket-haji-plus-kabupaten-poso,https://www.elharamainhaji.com/paket-haji-plus-kabupaten-poso/,"0812-8729-2422, Paket Haji Plus Kabupaten Poso"
1241,publish,2025-11-03T13:14:08,paket-haji-plus-kabupaten-sigi,https://www.elharamainhaji.com/paket-haji-plus-kabupaten-sigi/,"0812-8729-2422, Paket Haji Plus Kabupaten Sigi"
1242,publish,2025-11-03T04:36:06,paket-haji-plus-kabupaten-tojo-una-una,https://www.elharamainhaji.com/paket-haji-plus-kabupaten-tojo-una-una/,"0812-8729-2422, Paket Haji Plus Kabupaten Tojo Una-Una"
1243,publish,2025-11-04T02:56:51,paket-haji-plus-kabupaten-tolitoli,https://www.elharamainhaji.com/paket-haji-plus-kabupaten-tolitoli/,"0812-8729-2422, Paket Haji Plus Kabupaten Tolitoli"
1244,publish,2025-11-04T06:21:54,paket-haji-plus-kota-palu,https://www.elharamainhaji.com/paket-haji-plus-kota-palu/,"0812-8729-2422, Paket Haji Plus Kota Palu"
1245,publish,2025-11-04T22:57:55,paket-haji-plus-kabupaten-bantaeng,https://www.elharamainhaji.com/paket-haji-plus-kabupaten-bantaeng/,"0812-8729-2422, Paket Haji Plus Kabupaten Bantaeng"
1246,publish,2025-11-05T04:03:06,paket-haji-plus-kabupaten-barru,https://www.elharamainhaji.com/paket-haji-plus-kabupaten-barru/,"0812-8729-2422, Paket Haji Plus Kabupaten Barru"
1247,publish,2025-11-05T19:38:01,paket-haji-plus-kabupaten-bone,https://www.elharamainhaji.com/paket-haji-plus-kabupaten-bone/,"0812-8729-2422, Paket Haji Plus Kabupaten Bone"
1248,publish,2025-11-05T18:51:26,paket-haji-plus-kabupaten-bulukumba,https://www.elharamainhaji.com/paket-haji-plus-kabupaten-bulukumba/,"0812-8729-2422, Paket Haji Plus Kabupaten Bulukumba"
1249,publish,2025-11-06T12:59:41,paket-haji-plus-kabupaten-enrekang,https://www.elharamainhaji.com/paket-haji-plus-kabupaten-enrekang/,"0812-8729-2422, Paket Haji Plus Kabupaten Enrekang"
1250,publish,2025-11-06T23:39:58,paket-haji-plus-kabupaten-gowa,https://www.elharamainhaji.com/paket-haji-plus-kabupaten-gowa/,"0812-8729-2422, Paket Haji Plus Kabupaten Gowa"
1251,publish,2025-11-06T00:46:10,paket-haji-plus-kabupaten-jeneponto,https://www.elharamainhaji.com/paket-haji-plus-kabupaten-jeneponto/,"0812-8729-2422, Paket Haji Plus Kabupaten Jeneponto"
1252,publish,2025-11-07T06:32:37,paket-haji-plus-kabupaten-kepulauan-selayar,https://www.elharamainhaji.com/paket-haji-plus-kabupaten-kepulauan-selayar/,"0812-8729-2422, Paket Haji Plus Kabupaten Kepulauan Selayar"
1253,publish,2025-11-07T03:46:36,paket-haji-plus-kabupaten-luwu,https://www.elharamainhaji.com/paket-haji-plus-kabupaten-luwu/,"0812-8729-2422, Paket Haji Plus Kabupaten Luwu"
1254,publish,2025-11-07T07:45:29,paket-haji-plus-kabupaten-luwu-timur,https://www.elharamainhaji.com/paket-haji-plus-kabupaten-luwu-timur/,"0812-8729-2422, Paket Haji Plus Kabupaten Luwu Timur"
1255,publish,2025-11-08T23:06:45,paket-haji-plus-kabupaten-luwu-utara,https://www.elharamainhaji.com/paket-haji-plus-kabupaten-luwu-utara/,"0812-8729-2422, Paket Haji Plus Kabupaten Luwu Utara"
1256,publish,2025-11-08T22:40:29,paket-haji-plus-kabupaten-maros,https://www.elharamainhaji.com/paket-haji-plus-kabupaten-maros/,"0812-8729-2422, Paket Haji Plus Kabupaten Maros"
1257,publish,2025-11-08T01:54:28,paket-haji-plus-kabupaten-pangkajene-dan-kepulauan,https://www.elharamainhaji.com/paket-haji-plus-kabupaten-pangkajene-dan-kepulauan/,"0812-8729-2422, Paket Haji Plus Kabupaten Pangkajene dan Kepulauan"
1258,publish,2025-11-09T15:51:38,paket-haji-plus-kabupaten-pinrang,https://www.elharamainhaji.com/paket-haji-plus-kabupaten-pinrang/,"0812-8729-2422, Paket Haji Plus Kabupaten Pinrang"
1259,publish,2025-11-09T12:23:56,paket-haji-plus-kabupaten-sinjai,https://www.elharamainhaji.com/paket-haji-plus-kabupaten-sinjai/,"0812-8729-2422, Paket Haji Plus Kabupaten Sinjai"
1260,publish,2025-11-10T20:41:37,paket-haji-plus-kabupaten-soppeng,https://www.elharamainhaji.com/paket-haji-plus-kabupaten-soppeng/,"0812-8729-2422, Paket Haji Plus Kabupaten Soppeng"
1262,publish,2026-06-23T17:04:43,haji-onh-plus-kabupaten-pasaman-barat,https://www.elharamainhaji.com/haji-onh-plus-kabupaten-pasaman-barat/,"0812-8729-2422, Haji Plus Kabupaten Pasaman Barat"
1263,publish,2026-03-15T17:29:52,travel-haji-khusus-kabupaten-gianyar,https://www.elharamainhaji.com/travel-haji-khusus-kabupaten-gianyar/,"0812-8729-2422, Travel Haji Khusus Kabupaten Gianyar"
1264,publish,2026-03-15T19:20:26,travel-haji-khusus-kabupaten-jembrana,https://www.elharamainhaji.com/travel-haji-khusus-kabupaten-jembrana/,"0812-8729-2422, Travel Haji Khusus Kabupaten Jembrana"
1265,publish,2026-03-27T19:19:57,travel-haji-khusus-kota-kupang,https://www.elharamainhaji.com/travel-haji-khusus-kota-kupang/,"0812-8729-2422, Travel Haji Khusus Kota Kupang"
1266,publish,2026-03-27T21:31:26,travel-haji-khusus-kabupaten-bengkayang,https://www.elharamainhaji.com/travel-haji-khusus-kabupaten-bengkayang/,"0812-8729-2422, Travel Haji Khusus Kabupaten Bengkayang"
1267,publish,2026-03-28T15:46:52,travel-haji-khusus-kabupaten-kapuas-hulu,https://www.elharamainhaji.com/travel-haji-khusus-kabupaten-kapuas-hulu/,"0812-8729-2422, Travel Haji Khusus Kabupaten Kapuas Hulu"
1268,publish,2026-03-28T05:22:22,travel-haji-khusus-kabupaten-kayong-utara,https://www.elharamainhaji.com/travel-haji-khusus-kabupaten-kayong-utara/,"0812-8729-2422, Travel Haji Khusus Kabupaten Kayong Utara"
1269,publish,2026-03-28T22:17:18,travel-haji-khusus-kabupaten-ketapang,https://www.elharamainhaji.com/travel-haji-khusus-kabupaten-ketapang/,"0812-8729-2422, Travel Haji Khusus Kabupaten Ketapang"
1270,publish,2026-03-29T09:31:38,travel-haji-khusus-kabupaten-kubu-raya,https://www.elharamainhaji.com/travel-haji-khusus-kabupaten-kubu-raya/,"0812-8729-2422, Travel Haji Khusus Kabupaten Kubu Raya"
1271,publish,2026-03-29T16:26:40,travel-haji-khusus-kabupaten-landak,https://www.elharamainhaji.com/travel-haji-khusus-kabupaten-landak/,"0812-8729-2422, Travel Haji Khusus Kabupaten Landak"
1272,publish,2026-03-29T05:58:50,travel-haji-khusus-kabupaten-melawi,https://www.elharamainhaji.com/travel-haji-khusus-kabupaten-melawi/,"0812-8729-2422, Travel Haji Khusus Kabupaten Melawi"
1273,publish,2026-03-30T21:43:54,travel-haji-khusus-kabupaten-mempawah,https://www.elharamainhaji.com/travel-haji-khusus-kabupaten-mempawah/,"0812-8729-2422, Travel Haji Khusus Kabupaten Mempawah"
1274,publish,2026-03-30T16:28:38,travel-haji-khusus-kabupaten-sambas,https://www.elharamainhaji.com/travel-haji-khusus-kabupaten-sambas/,"0812-8729-2422, Travel Haji Khusus Kabupaten Sambas"
1275,publish,2026-03-30T14:56:00,travel-haji-khusus-kabupaten-sanggau,https://www.elharamainhaji.com/travel-haji-khusus-kabupaten-sanggau/,"0812-8729-2422, Travel Haji Khusus Kabupaten Sanggau"
1276,publish,2026-03-31T00:29:26,travel-haji-khusus-kabupaten-sekadau,https://www.elharamainhaji.com/travel-haji-khusus-kabupaten-sekadau/,"0812-8729-2422, Travel Haji Khusus Kabupaten Sekadau"
1277,publish,2026-03-31T19:32:27,travel-haji-khusus-kabupaten-sintang,https://www.elharamainhaji.com/travel-haji-khusus-kabupaten-sintang/,"0812-8729-2422, Travel Haji Khusus Kabupaten Sintang"
1278,publish,2026-03-31T21:14:57,travel-haji-khusus-kota-pontianak,https://www.elharamainhaji.com/travel-haji-khusus-kota-pontianak/,"0812-8729-2422, Travel Haji Khusus Kota Pontianak"
1279,publish,2026-04-01T23:23:54,travel-haji-khusus-kota-singkawang,https://www.elharamainhaji.com/travel-haji-khusus-kota-singkawang/,"0812-8729-2422, Travel Haji Khusus Kota Singkawang"
1280,publish,2026-04-01T03:16:09,travel-haji-khusus-kabupaten-barito-selatan,https://www.elharamainhaji.com/travel-haji-khusus-kabupaten-barito-selatan/,"0812-8729-2422, Travel Haji Khusus Kabupaten Barito Selatan"
1281,publish,2026-04-01T04:15:17,travel-haji-khusus-kabupaten-barito-timur,https://www.elharamainhaji.com/travel-haji-khusus-kabupaten-barito-timur/,"0812-8729-2422, Travel Haji Khusus Kabupaten Barito Timur"
1282,publish,2026-04-02T05:08:19,travel-haji-khusus-kabupaten-barito-utara,https://www.elharamainhaji.com/travel-haji-khusus-kabupaten-barito-utara/,"0812-8729-2422, Travel Haji Khusus Kabupaten Barito Utara"
1283,publish,2026-04-02T10:07:40,travel-haji-khusus-kabupaten-gunung-mas,https://www.elharamainhaji.com/travel-haji-khusus-kabupaten-gunung-mas/,"0812-8729-2422, Travel Haji Khusus Kabupaten Gunung Mas"
1284,publish,2026-04-02T06:42:12,travel-haji-khusus-kabupaten-kapuas,https://www.elharamainhaji.com/travel-haji-khusus-kabupaten-kapuas/,"0812-8729-2422, Travel Haji Khusus Kabupaten Kapuas"
1285,publish,2026-04-03T19:06:03,travel-haji-khusus-kabupaten-katingan,https://www.elharamainhaji.com/travel-haji-khusus-kabupaten-katingan/,"0812-8729-2422, Travel Haji Khusus Kabupaten Katingan"
1286,publish,2026-04-03T12:20:17,travel-haji-khusus-kabupaten-kotawaringin-barat,https://www.elharamainhaji.com/travel-haji-khusus-kabupaten-kotawaringin-barat/,"0812-8729-2422, Travel Haji Khusus Kabupaten Kotawaringin Barat"
1287,publish,2026-04-03T16:40:16,travel-haji-khusus-kabupaten-kotawaringin-timur,https://www.elharamainhaji.com/travel-haji-khusus-kabupaten-kotawaringin-timur/,"0812-8729-2422, Travel Haji Khusus Kabupaten Kotawaringin Timur"
1288,publish,2026-04-04T14:59:39,travel-haji-khusus-kabupaten-lamandau,https://www.elharamainhaji.com/travel-haji-khusus-kabupaten-lamandau/,"0812-8729-2422, Travel Haji Khusus Kabupaten Lamandau"
1289,publish,2026-04-04T01:18:37,travel-haji-khusus-kabupaten-murung-raya,https://www.elharamainhaji.com/travel-haji-khusus-kabupaten-murung-raya/,"0812-8729-2422, Travel Haji Khusus Kabupaten Murung Raya"
1290,publish,2026-04-04T05:36:11,travel-haji-khusus-kabupaten-pulang-pisau,https://www.elharamainhaji.com/travel-haji-khusus-kabupaten-pulang-pisau/,"0812-8729-2422, Travel Haji Khusus Kabupaten Pulang Pisau"
1291,publish,2026-04-05T11:30:39,travel-haji-khusus-kabupaten-sukamara,https://www.elharamainhaji.com/travel-haji-khusus-kabupaten-sukamara/,"0812-8729-2422, Travel Haji Khusus Kabupaten Sukamara"
1292,publish,2026-04-05T10:25:27,travel-haji-khusus-kabupaten-seruyan,https://www.elharamainhaji.com/travel-haji-khusus-kabupaten-seruyan/,"0812-8729-2422, Travel Haji Khusus Kabupaten Seruyan"
1293,publish,2026-04-05T02:21:32,travel-haji-khusus-kota-palangka-raya,https://www.elharamainhaji.com/travel-haji-khusus-kota-palangka-raya/,"0812-8729-2422, Travel Haji Khusus Kota Palangka Raya"
1294,publish,2026-04-06T16:42:49,travel-haji-khusus-kabupaten-balangan,https://www.elharamainhaji.com/travel-haji-khusus-kabupaten-balangan/,"0812-8729-2422, Travel Haji Khusus Kabupaten Balangan"
1295,publish,2026-04-06T06:26:19,travel-haji-khusus-kabupaten-banjar,https://www.elharamainhaji.com/travel-haji-khusus-kabupaten-banjar/,"0812-8729-2422, Travel Haji Khusus Kabupaten Banjar"
1296,publish,2026-04-06T23:22:29,travel-haji-khusus-kabupaten-barito-kuala,https://www.elharamainhaji.com/travel-haji-khusus-kabupaten-barito-kuala/,"0812-8729-2422, Travel Haji Khusus Kabupaten Barito Kuala"
1297,publish,2026-04-07T08:14:21,travel-haji-khusus-kabupaten-hulu-sungai-selatan,https://www.elharamainhaji.com/travel-haji-khusus-kabupaten-hulu-sungai-selatan/,"0812-8729-2422, Travel Haji Khusus Kabupaten Hulu Sungai Selatan"
1298,publish,2026-04-07T18:10:36,travel-haji-khusus-kabupaten-hulu-sungai-tengah,https://www.elharamainhaji.com/travel-haji-khusus-kabupaten-hulu-sungai-tengah/,"0812-8729-2422, Travel Haji Khusus Kabupaten Hulu Sungai Tengah"
1299,publish,2026-04-07T10:41:26,travel-haji-khusus-kabupaten-hulu-sungai-utara,https://www.elharamainhaji.com/travel-haji-khusus-kabupaten-hulu-sungai-utara/,"0812-8729-2422, Travel Haji Khusus Kabupaten Hulu Sungai Utara"
1300,publish,2026-04-08T14:49:25,travel-haji-khusus-kabupaten-kotabaru,https://www.elharamainhaji.com/travel-haji-khusus-kabupaten-kotabaru/,"0812-8729-2422, Travel Haji Khusus Kabupaten Kotabaru"
1301,publish,2026-04-08T11:39:03,travel-haji-khusus-kabupaten-tabalong,https://www.elharamainhaji.com/travel-haji-khusus-kabupaten-tabalong/,"0812-8729-2422, Travel Haji Khusus Kabupaten Tabalong"
1302,publish,2026-04-08T12:48:02,travel-haji-khusus-kabupaten-tanah-bumbu,https://www.elharamainhaji.com/travel-haji-khusus-kabupaten-tanah-bumbu/,"0812-8729-2422, Travel Haji Khusus Kabupaten Tanah Bumbu"
1303,publish,2026-04-09T01:08:12,travel-haji-khusus-kabupaten-tanah-laut,https://www.elharamainhaji.com/travel-haji-khusus-kabupaten-tanah-laut/,"0812-8729-2422, Travel Haji Khusus Kabupaten Tanah Laut"
1304,publish,2026-04-09T14:15:02,travel-haji-khusus-kabupaten-tapin,https://www.elharamainhaji.com/travel-haji-khusus-kabupaten-tapin/,"0812-8729-2422, Travel Haji Khusus Kabupaten Tapin"
1305,publish,2026-04-09T00:44:46,travel-haji-khusus-kota-banjarbaru,https://www.elharamainhaji.com/travel-haji-khusus-kota-banjarbaru/,"0812-8729-2422, Travel Haji Khusus Kota Banjarbaru"
1306,publish,2026-04-10T14:28:32,travel-haji-khusus-kota-banjarmasin,https://www.elharamainhaji.com/travel-haji-khusus-kota-banjarmasin/,"0812-8729-2422, Travel Haji Khusus Kota Banjarmasin"
1307,publish,2026-04-10T12:00:52,travel-haji-khusus-kabupaten-berau,https://www.elharamainhaji.com/travel-haji-khusus-kabupaten-berau/,"0812-8729-2422, Travel Haji Khusus Kabupaten Berau"
1308,publish,2026-04-10T03:38:49,travel-haji-khusus-kabupaten-kutai-barat,https://www.elharamainhaji.com/travel-haji-khusus-kabupaten-kutai-barat/,"0812-8729-2422, Travel Haji Khusus Kabupaten Kutai Barat"
1309,publish,2026-04-11T04:31:30,travel-haji-khusus-kabupaten-kutai-kartanegara,https://www.elharamainhaji.com/travel-haji-khusus-kabupaten-kutai-kartanegara/,"0812-8729-2422, Travel Haji Khusus Kabupaten Kutai Kartanegara"
1310,publish,2026-04-11T20:01:37,travel-haji-khusus-kabupaten-kutai-timur,https://www.elharamainhaji.com/travel-haji-khusus-kabupaten-kutai-timur/,"0812-8729-2422, Travel Haji Khusus Kabupaten Kutai Timur"
1311,publish,2026-04-11T07:07:24,travel-haji-khusus-kabupaten-mahakam-ulu,https://www.elharamainhaji.com/travel-haji-khusus-kabupaten-mahakam-ulu/,"0812-8729-2422, Travel Haji Khusus Kabupaten Mahakam Ulu"
1312,publish,2026-04-12T10:10:15,travel-haji-khusus-kabupaten-paser,https://www.elharamainhaji.com/travel-haji-khusus-kabupaten-paser/,"0812-8729-2422, Travel Haji Khusus Kabupaten Paser"
1313,publish,2026-04-12T23:57:33,travel-haji-khusus-kabupaten-penajam-paser-utara,https://www.elharamainhaji.com/travel-haji-khusus-kabupaten-penajam-paser-utara/,"0812-8729-2422, Travel Haji Khusus Kabupaten Penajam Paser Utara"
1314,publish,2026-04-12T09:35:30,travel-haji-khusus-kota-balikpapan,https://www.elharamainhaji.com/travel-haji-khusus-kota-balikpapan/,"0812-8729-2422, Travel Haji Khusus Kota Balikpapan"
1315,publish,2026-04-13T16:46:22,travel-haji-khusus-kota-bontang,https://www.elharamainhaji.com/travel-haji-khusus-kota-bontang/,"0812-8729-2422, Travel Haji Khusus Kota Bontang"
1316,publish,2026-04-13T14:53:31,travel-haji-khusus-kota-samarinda,https://www.elharamainhaji.com/travel-haji-khusus-kota-samarinda/,"0812-8729-2422, Travel Haji Khusus Kota Samarinda"
1317,publish,2026-04-13T03:47:59,travel-haji-khusus-kabupaten-bulungan,https://www.elharamainhaji.com/travel-haji-khusus-kabupaten-bulungan/,"0812-8729-2422, Travel Haji Khusus Kabupaten Bulungan"
1318,publish,2026-04-14T18:19:59,travel-haji-khusus-kabupaten-malinau,https://www.elharamainhaji.com/travel-haji-khusus-kabupaten-malinau/,"0812-8729-2422, Travel Haji Khusus Kabupaten Malinau"
1319,publish,2026-04-14T00:51:32,travel-haji-khusus-kabupaten-nunukan,https://www.elharamainhaji.com/travel-haji-khusus-kabupaten-nunukan/,"0812-8729-2422, Travel Haji Khusus Kabupaten Nunukan"
1320,publish,2026-04-14T18:25:26,travel-haji-khusus-kabupaten-tana-tidung,https://www.elharamainhaji.com/travel-haji-khusus-kabupaten-tana-tidung/,"0812-8729-2422, Travel Haji Khusus Kabupaten Tana Tidung"
1321,publish,2026-04-15T03:15:19,travel-haji-khusus-kota-tarakan,https://www.elharamainhaji.com/travel-haji-khusus-kota-tarakan/,"0812-8729-2422, Travel Haji Khusus Kota Tarakan"
1322,publish,2026-04-15T04:01:07,travel-haji-khusus-kabupaten-bolaang-mongondow,https://www.elharamainhaji.com/travel-haji-khusus-kabupaten-bolaang-mongondow/,"0812-8729-2422, Travel Haji Khusus Kabupaten Bolaang Mongondow"
1323,publish,2026-04-15T01:46:37,travel-haji-khusus-kabupaten-bolaang-mongondow-selatan,https://www.elharamainhaji.com/travel-haji-khusus-kabupaten-bolaang-mongondow-selatan/,"0812-8729-2422, Travel Haji Khusus Kabupaten Bolaang Mongondow Selatan"
1324,publish,2026-04-16T00:48:42,travel-haji-khusus-kabupaten-bolaang-mongondow-timur,https://www.elharamainhaji.com/travel-haji-khusus-kabupaten-bolaang-mongondow-timur/,"0812-8729-2422, Travel Haji Khusus Kabupaten Bolaang Mongondow Timur"
1325,publish,2026-04-16T07:45:12,travel-haji-khusus-kabupaten-bolaang-mongondow-utara,https://www.elharamainhaji.com/travel-haji-khusus-kabupaten-bolaang-mongondow-utara/,"0812-8729-2422, Travel Haji Khusus Kabupaten Bolaang Mongondow Utara"
1326,publish,2026-04-16T22:17:21,travel-haji-khusus-kabupaten-kepulauan-sangihe,https://www.elharamainhaji.com/travel-haji-khusus-kabupaten-kepulauan-sangihe/,"0812-8729-2422, Travel Haji Khusus Kabupaten Kepulauan Sangihe"
1327,publish,2026-04-17T07:57:47,travel-haji-khusus-kabupaten-kepulauan-siau-tagulandang-biaro,https://www.elharamainhaji.com/travel-haji-khusus-kabupaten-kepulauan-siau-tagulandang-biaro/,"0812-8729-2422, Travel Haji Khusus Kabupaten Kepulauan Siau Tagulandang Biaro"
1328,publish,2026-04-17T03:16:30,travel-haji-khusus-kabupaten-kepulauan-talaud,https://www.elharamainhaji.com/travel-haji-khusus-kabupaten-kepulauan-talaud/,"0812-8729-2422, Travel Haji Khusus Kabupaten Kepulauan Talaud"
1329,publish,2026-04-17T23:46:11,travel-haji-khusus-kabupaten-minahasa,https://www.elharamainhaji.com/travel-haji-khusus-kabupaten-minahasa/,"0812-8729-2422, Travel Haji Khusus Kabupaten Minahasa"
1330,publish,2026-04-18T19:15:12,travel-haji-khusus-kabupaten-minahasa-selatan,https://www.elharamainhaji.com/travel-haji-khusus-kabupaten-minahasa-selatan/,"0812-8729-2422, Travel Haji Khusus Kabupaten Minahasa Selatan"
1331,publish,2026-04-18T19:03:48,travel-haji-khusus-kabupaten-minahasa-tenggara,https://www.elharamainhaji.com/travel-haji-khusus-kabupaten-minahasa-tenggara/,"0812-8729-2422, Travel Haji Khusus Kabupaten Minahasa Tenggara"
1332,publish,2026-04-18T23:32:11,travel-haji-khusus-kabupaten-minahasa-utara,https://www.elharamainhaji.com/travel-haji-khusus-kabupaten-minahasa-utara/,"0812-8729-2422, Travel Haji Khusus Kabupaten Minahasa Utara"
1333,publish,2026-04-19T09:45:11,travel-haji-khusus-kota-bitung,https://www.elharamainhaji.com/travel-haji-khusus-kota-bitung/,"0812-8729-2422, Travel Haji Khusus Kota Bitung"
1334,publish,2026-04-19T02:52:39,travel-haji-khusus-kota-kotamobagu,https://www.elharamainhaji.com/travel-haji-khusus-kota-kotamobagu/,"0812-8729-2422, Travel Haji Khusus Kota Kotamobagu"
1335,publish,2026-04-19T04:16:06,travel-haji-khusus-kota-manado,https://www.elharamainhaji.com/travel-haji-khusus-kota-manado/,"0812-8729-2422, Travel Haji Khusus Kota Manado"
1336,publish,2026-04-20T22:09:02,travel-haji-khusus-kota-tomohon,https://www.elharamainhaji.com/travel-haji-khusus-kota-tomohon/,"0812-8729-2422, Travel Haji Khusus Kota Tomohon"
1337,publish,2026-04-20T17:10:48,travel-haji-khusus-kabupaten-banggai,https://www.elharamainhaji.com/travel-haji-khusus-kabupaten-banggai/,"0812-8729-2422, Travel Haji Khusus Kabupaten Banggai"
1338,publish,2026-04-20T23:33:09,travel-haji-khusus-kabupaten-banggai-kepulauan,https://www.elharamainhaji.com/travel-haji-khusus-kabupaten-banggai-kepulauan/,"0812-8729-2422, Travel Haji Khusus Kabupaten Banggai Kepulauan"
1339,publish,2026-04-21T20:37:05,travel-haji-khusus-kabupaten-banggai-laut,https://www.elharamainhaji.com/travel-haji-khusus-kabupaten-banggai-laut/,"0812-8729-2422, Travel Haji Khusus Kabupaten Banggai Laut"
1340,publish,2026-04-21T17:33:55,travel-haji-khusus-kabupaten-buol,https://www.elharamainhaji.com/travel-haji-khusus-kabupaten-buol/,"0812-8729-2422, Travel Haji Khusus Kabupaten Buol"
1341,publish,2026-04-21T19:55:09,travel-haji-khusus-kabupaten-donggala,https://www.elharamainhaji.com/travel-haji-khusus-kabupaten-donggala/,"0812-8729-2422, Travel Haji Khusus Kabupaten Donggala"
1342,publish,2026-04-22T15:29:00,travel-haji-khusus-kabupaten-morowali,https://www.elharamainhaji.com/travel-haji-khusus-kabupaten-morowali/,"0812-8729-2422, Travel Haji Khusus Kabupaten Morowali"
1343,publish,2026-04-22T22:44:34,travel-haji-khusus-kabupaten-morowali-utara,https://www.elharamainhaji.com/travel-haji-khusus-kabupaten-morowali-utara/,"0812-8729-2422, Travel Haji Khusus Kabupaten Morowali Utara"
1344,publish,2026-04-22T10:46:38,travel-haji-khusus-kabupaten-parigi-moutong,https://www.elharamainhaji.com/travel-haji-khusus-kabupaten-parigi-moutong/,"0812-8729-2422, Travel Haji Khusus Kabupaten Parigi Moutong"
1345,publish,2026-04-23T05:54:16,travel-haji-khusus-kabupaten-poso,https://www.elharamainhaji.com/travel-haji-khusus-kabupaten-poso/,"0812-8729-2422, Travel Haji Khusus Kabupaten Poso"
1346,publish,2026-04-23T00:16:26,travel-haji-khusus-kabupaten-sigi,https://www.elharamainhaji.com/travel-haji-khusus-kabupaten-sigi/,"0812-8729-2422, Travel Haji Khusus Kabupaten Sigi"
1347,publish,2026-04-23T05:23:17,travel-haji-khusus-kabupaten-tojo-una-una,https://www.elharamainhaji.com/travel-haji-khusus-kabupaten-tojo-una-una/,"0812-8729-2422, Travel Haji Khusus Kabupaten Tojo Una-Una"
1348,publish,2026-04-24T21:37:15,travel-haji-khusus-kabupaten-tolitoli,https://www.elharamainhaji.com/travel-haji-khusus-kabupaten-tolitoli/,"0812-8729-2422, Travel Haji Khusus Kabupaten Tolitoli"
1349,publish,2026-04-24T22:13:40,travel-haji-khusus-kota-palu,https://www.elharamainhaji.com/travel-haji-khusus-kota-palu/,"0812-8729-2422, Travel Haji Khusus Kota Palu"
1350,publish,2026-04-24T23:44:08,travel-haji-khusus-kabupaten-bantaeng,https://www.elharamainhaji.com/travel-haji-khusus-kabupaten-bantaeng/,"0812-8729-2422, Travel Haji Khusus Kabupaten Bantaeng"
1351,publish,2026-04-25T16:59:50,travel-haji-khusus-kabupaten-barru,https://www.elharamainhaji.com/travel-haji-khusus-kabupaten-barru/,"0812-8729-2422, Travel Haji Khusus Kabupaten Barru"
1352,publish,2026-04-25T01:52:46,travel-haji-khusus-kabupaten-bone,https://www.elharamainhaji.com/travel-haji-khusus-kabupaten-bone/,"0812-8729-2422, Travel Haji Khusus Kabupaten Bone"
1353,publish,2026-04-25T20:40:03,travel-haji-khusus-kabupaten-bulukumba,https://www.elharamainhaji.com/travel-haji-khusus-kabupaten-bulukumba/,"0812-8729-2422, Travel Haji Khusus Kabupaten Bulukumba"
1354,publish,2026-04-26T10:23:41,travel-haji-khusus-kabupaten-enrekang,https://www.elharamainhaji.com/travel-haji-khusus-kabupaten-enrekang/,"0812-8729-2422, Travel Haji Khusus Kabupaten Enrekang"
1355,publish,2026-04-26T23:59:29,travel-haji-khusus-kabupaten-gowa,https://www.elharamainhaji.com/travel-haji-khusus-kabupaten-gowa/,"0812-8729-2422, Travel Haji Khusus Kabupaten Gowa"
1356,publish,2026-04-26T08:49:32,travel-haji-khusus-kabupaten-jeneponto,https://www.elharamainhaji.com/travel-haji-khusus-kabupaten-jeneponto/,"0812-8729-2422, Travel Haji Khusus Kabupaten Jeneponto"
1357,publish,2026-04-27T01:04:14,travel-haji-khusus-kabupaten-kepulauan-selayar,https://www.elharamainhaji.com/travel-haji-khusus-kabupaten-kepulauan-selayar/,"0812-8729-2422, Travel Haji Khusus Kabupaten Kepulauan Selayar"
1358,publish,2026-04-27T15:36:21,travel-haji-khusus-kabupaten-luwu,https://www.elharamainhaji.com/travel-haji-khusus-kabupaten-luwu/,"0812-8729-2422, Travel Haji Khusus Kabupaten Luwu"
1359,publish,2026-04-27T11:33:44,travel-haji-khusus-kabupaten-luwu-timur,https://www.elharamainhaji.com/travel-haji-khusus-kabupaten-luwu-timur/,"0812-8729-2422, Travel Haji Khusus Kabupaten Luwu Timur"
1360,publish,2026-04-28T03:51:35,travel-haji-khusus-kabupaten-luwu-utara,https://www.elharamainhaji.com/travel-haji-khusus-kabupaten-luwu-utara/,"0812-8729-2422, Travel Haji Khusus Kabupaten Luwu Utara"
1361,publish,2026-04-28T08:20:44,travel-haji-khusus-kabupaten-maros,https://www.elharamainhaji.com/travel-haji-khusus-kabupaten-maros/,"0812-8729-2422, Travel Haji Khusus Kabupaten Maros"
1362,publish,2026-04-28T04:01:46,travel-haji-khusus-kabupaten-pangkajene-dan-kepulauan,https://www.elharamainhaji.com/travel-haji-khusus-kabupaten-pangkajene-dan-kepulauan/,"0812-8729-2422, Travel Haji Khusus Kabupaten Pangkajene dan Kepulauan"
1363,publish,2026-04-29T12:20:58,travel-haji-khusus-kabupaten-pinrang,https://www.elharamainhaji.com/travel-haji-khusus-kabupaten-pinrang/,"0812-8729-2422, Travel Haji Khusus Kabupaten Pinrang"
1364,publish,2026-04-29T11:56:58,travel-haji-khusus-kabupaten-sidenreng-rappang,https://www.elharamainhaji.com/travel-haji-khusus-kabupaten-sidenreng-rappang/,"0812-8729-2422, Travel Haji Khusus Kabupaten Sidenreng Rappang"
1365,publish,2026-04-29T19:49:17,travel-haji-khusus-kabupaten-sinjai,https://www.elharamainhaji.com/travel-haji-khusus-kabupaten-sinjai/,"0812-8729-2422, Travel Haji Khusus Kabupaten Sinjai"
1366,publish,2026-04-30T23:11:37,travel-haji-khusus-kabupaten-soppeng,https://www.elharamainhaji.com/travel-haji-khusus-kabupaten-soppeng/,"0812-8729-2422, Travel Haji Khusus Kabupaten Soppeng"
1367,publish,2026-04-30T21:10:07,travel-haji-khusus-kabupaten-takalar,https://www.elharamainhaji.com/travel-haji-khusus-kabupaten-takalar/,"0812-8729-2422, Travel Haji Khusus Kabupaten Takalar"
1368,publish,2026-04-30T00:19:49,travel-haji-khusus-kabupaten-tana-toraja,https://www.elharamainhaji.com/travel-haji-khusus-kabupaten-tana-toraja/,"0812-8729-2422, Travel Haji Khusus Kabupaten Tana Toraja"
1369,publish,2026-05-01T17:22:02,travel-haji-khusus-kabupaten-toraja-utara,https://www.elharamainhaji.com/travel-haji-khusus-kabupaten-toraja-utara/,"0812-8729-2422, Travel Haji Khusus Kabupaten Toraja Utara"
1370,publish,2026-05-01T07:22:17,travel-haji-khusus-kabupaten-wajo,https://www.elharamainhaji.com/travel-haji-khusus-kabupaten-wajo/,"0812-8729-2422, Travel Haji Khusus Kabupaten Wajo"
1371,publish,2026-05-01T17:47:13,travel-haji-khusus-kota-makassar,https://www.elharamainhaji.com/travel-haji-khusus-kota-makassar/,"0812-8729-2422, Travel Haji Khusus Kota Makassar"
1372,publish,2026-05-02T23:25:43,travel-haji-khusus-kota-palopo,https://www.elharamainhaji.com/travel-haji-khusus-kota-palopo/,"0812-8729-2422, Travel Haji Khusus Kota Palopo"
1373,publish,2026-05-02T04:32:59,travel-haji-khusus-kota-parepare,https://www.elharamainhaji.com/travel-haji-khusus-kota-parepare/,"0812-8729-2422, Travel Haji Khusus Kota Parepare"
1374,publish,2026-05-02T05:21:11,travel-haji-khusus-kabupaten-bombana,https://www.elharamainhaji.com/travel-haji-khusus-kabupaten-bombana/,"0812-8729-2422, Travel Haji Khusus Kabupaten Bombana"
1375,publish,2026-05-03T22:00:40,travel-haji-khusus-kabupaten-buton,https://www.elharamainhaji.com/travel-haji-khusus-kabupaten-buton/,"0812-8729-2422, Travel Haji Khusus Kabupaten Buton"
1376,publish,2026-05-03T21:32:07,travel-haji-khusus-kabupaten-buton-selatan,https://www.elharamainhaji.com/travel-haji-khusus-kabupaten-buton-selatan/,"0812-8729-2422, Travel Haji Khusus Kabupaten Buton Selatan"
1377,publish,2026-05-03T18:10:43,travel-haji-khusus-kabupaten-buton-tengah,https://www.elharamainhaji.com/travel-haji-khusus-kabupaten-buton-tengah/,"0812-8729-2422, Travel Haji Khusus Kabupaten Buton Tengah"
1378,publish,2026-05-04T08:08:01,travel-haji-khusus-kabupaten-buton-utara,https://www.elharamainhaji.com/travel-haji-khusus-kabupaten-buton-utara/,"0812-8729-2422, Travel Haji Khusus Kabupaten Buton Utara"
1379,publish,2026-05-04T22:45:21,travel-haji-khusus-kabupaten-kolaka,https://www.elharamainhaji.com/travel-haji-khusus-kabupaten-kolaka/,"0812-8729-2422, Travel Haji Khusus Kabupaten Kolaka"
1380,publish,2026-05-04T23:19:46,travel-haji-khusus-kabupaten-kolaka-timur,https://www.elharamainhaji.com/travel-haji-khusus-kabupaten-kolaka-timur/,"0812-8729-2422, Travel Haji Khusus Kabupaten Kolaka Timur"
1381,publish,2026-05-05T23:15:28,travel-haji-khusus-kabupaten-kolaka-utara,https://www.elharamainhaji.com/travel-haji-khusus-kabupaten-kolaka-utara/,"0812-8729-2422, Travel Haji Khusus Kabupaten Kolaka Utara"
1382,publish,2026-05-05T18:56:23,travel-haji-khusus-kabupaten-konawe,https://www.elharamainhaji.com/travel-haji-khusus-kabupaten-konawe/,"0812-8729-2422, Travel Haji Khusus Kabupaten Konawe"
1383,publish,2026-05-05T23:32:22,travel-haji-khusus-kabupaten-konawe-kepulauan,https://www.elharamainhaji.com/travel-haji-khusus-kabupaten-konawe-kepulauan/,"0812-8729-2422, Travel Haji Khusus Kabupaten Konawe Kepulauan"
1384,publish,2026-05-06T13:48:42,travel-haji-khusus-kabupaten-konawe-selatan,https://www.elharamainhaji.com/travel-haji-khusus-kabupaten-konawe-selatan/,"0812-8729-2422, Travel Haji Khusus Kabupaten Konawe Selatan"
1385,publish,2026-05-06T08:41:55,travel-haji-khusus-kabupaten-konawe-utara,https://www.elharamainhaji.com/travel-haji-khusus-kabupaten-konawe-utara/,"0812-8729-2422, Travel Haji Khusus Kabupaten Konawe Utara"
1386,publish,2026-05-06T18:16:35,travel-haji-khusus-kabupaten-muna,https://www.elharamainhaji.com/travel-haji-khusus-kabupaten-muna/,"0812-8729-2422, Travel Haji Khusus Kabupaten Muna"
1387,publish,2026-05-07T21:54:19,travel-haji-khusus-kabupaten-muna-barat,https://www.elharamainhaji.com/travel-haji-khusus-kabupaten-muna-barat/,"0812-8729-2422, Travel Haji Khusus Kabupaten Muna Barat"
1388,publish,2026-05-07T02:27:27,travel-haji-khusus-kabupaten-wakatobi,https://www.elharamainhaji.com/travel-haji-khusus-kabupaten-wakatobi/,"0812-8729-2422, Travel Haji Khusus Kabupaten Wakatobi"
1389,publish,2026-05-07T23:34:23,travel-haji-khusus-kota-baubau,https://www.elharamainhaji.com/travel-haji-khusus-kota-baubau/,"0812-8729-2422, Travel Haji Khusus Kota Baubau"
1390,publish,2026-05-08T03:29:54,travel-haji-khusus-kota-kendari,https://www.elharamainhaji.com/travel-haji-khusus-kota-kendari/,"0812-8729-2422, Travel Haji Khusus Kota Kendari"
1391,publish,2026-05-08T14:20:06,travel-haji-khusus-kabupaten-boalemo,https://www.elharamainhaji.com/travel-haji-khusus-kabupaten-boalemo/,"0812-8729-2422, Travel Haji Khusus Kabupaten Boalemo"
1392,publish,2026-05-08T09:42:31,travel-haji-khusus-kabupaten-bone-bolango,https://www.elharamainhaji.com/travel-haji-khusus-kabupaten-bone-bolango/,"0812-8729-2422, Travel Haji Khusus Kabupaten Bone Bolango"
1393,publish,2026-05-09T07:50:40,travel-haji-khusus-kabupaten-gorontalo,https://www.elharamainhaji.com/travel-haji-khusus-kabupaten-gorontalo/,"0812-8729-2422, Travel Haji Khusus Kabupaten Gorontalo"
1394,publish,2026-05-09T00:15:48,travel-haji-khusus-kabupaten-gorontalo-utara,https://www.elharamainhaji.com/travel-haji-khusus-kabupaten-gorontalo-utara/,"0812-8729-2422, Travel Haji Khusus Kabupaten Gorontalo Utara"
1395,publish,2026-05-09T06:18:31,travel-haji-khusus-kabupaten-pohuwato,https://www.elharamainhaji.com/travel-haji-khusus-kabupaten-pohuwato/,"0812-8729-2422, Travel Haji Khusus Kabupaten Pohuwato"
1396,publish,2026-05-10T16:50:16,travel-haji-khusus-kota-gorontalo,https://www.elharamainhaji.com/travel-haji-khusus-kota-gorontalo/,"0812-8729-2422, Travel Haji Khusus Kota Gorontalo"
1397,publish,2026-05-10T04:26:50,travel-haji-khusus-kabupaten-majene,https://www.elharamainhaji.com/travel-haji-khusus-kabupaten-majene/,"0812-8729-2422, Travel Haji Khusus Kabupaten Majene"
1398,publish,2026-05-10T03:00:39,travel-haji-khusus-kabupaten-mamasa,https://www.elharamainhaji.com/travel-haji-khusus-kabupaten-mamasa/,"0812-8729-2422, Travel Haji Khusus Kabupaten Mamasa"
1399,publish,2026-05-11T01:03:05,travel-haji-khusus-kabupaten-mamuju,https://www.elharamainhaji.com/travel-haji-khusus-kabupaten-mamuju/,"0812-8729-2422, Travel Haji Khusus Kabupaten Mamuju"
1400,publish,2026-05-11T11:50:44,travel-haji-khusus-kabupaten-mamuju-tengah,https://www.elharamainhaji.com/travel-haji-khusus-kabupaten-mamuju-tengah/,"0812-8729-2422, Travel Haji Khusus Kabupaten Mamuju Tengah"
1401,publish,2026-05-11T16:27:01,travel-haji-khusus-kabupaten-pasangkayu,https://www.elharamainhaji.com/travel-haji-khusus-kabupaten-pasangkayu/,"0812-8729-2422, Travel Haji Khusus Kabupaten Pasangkayu"
1402,publish,2026-05-12T04:20:25,travel-haji-khusus-kabupaten-polewali-mandar,https://www.elharamainhaji.com/travel-haji-khusus-kabupaten-polewali-mandar/,"0812-8729-2422, Travel Haji Khusus Kabupaten Polewali Mandar"
1403,publish,2026-05-12T21:14:28,travel-haji-khusus-kabupaten-buru,https://www.elharamainhaji.com/travel-haji-khusus-kabupaten-buru/,"0812-8729-2422, Travel Haji Khusus Kabupaten Buru"
1404,publish,2026-05-12T03:59:00,travel-haji-khusus-kabupaten-buru-selatan,https://www.elharamainhaji.com/travel-haji-khusus-kabupaten-buru-selatan/,"0812-8729-2422, Travel Haji Khusus Kabupaten Buru Selatan"
1405,publish,2026-05-13T03:33:36,travel-haji-khusus-kabupaten-kepulauan-aru,https://www.elharamainhaji.com/travel-haji-khusus-kabupaten-kepulauan-aru/,"0812-8729-2422, Travel Haji Khusus Kabupaten Kepulauan Aru"
1406,publish,2026-05-13T00:07:27,travel-haji-khusus-kabupaten-kepulauan-tanimbar,https://www.elharamainhaji.com/travel-haji-khusus-kabupaten-kepulauan-tanimbar/,"0812-8729-2422, Travel Haji Khusus Kabupaten Kepulauan Tanimbar"
1407,publish,2026-05-13T14:09:18,travel-haji-khusus-kabupaten-maluku-barat-daya,https://www.elharamainhaji.com/travel-haji-khusus-kabupaten-maluku-barat-daya/,"0812-8729-2422, Travel Haji Khusus Kabupaten Maluku Barat Daya"
1408,publish,2026-05-14T00:35:52,travel-haji-khusus-kabupaten-maluku-tengah,https://www.elharamainhaji.com/travel-haji-khusus-kabupaten-maluku-tengah/,"0812-8729-2422, Travel Haji Khusus Kabupaten Maluku Tengah"
1409,publish,2026-05-14T08:13:03,travel-haji-khusus-kabupaten-maluku-tenggara,https://www.elharamainhaji.com/travel-haji-khusus-kabupaten-maluku-tenggara/,"0812-8729-2422, Travel Haji Khusus Kabupaten Maluku Tenggara"
1410,publish,2026-05-14T06:49:21,travel-haji-khusus-kabupaten-seram-bagian-barat,https://www.elharamainhaji.com/travel-haji-khusus-kabupaten-seram-bagian-barat/,"0812-8729-2422, Travel Haji Khusus Kabupaten Seram Bagian Barat"
1411,publish,2026-05-15T05:46:39,travel-haji-khusus-kabupaten-seram-bagian-timur,https://www.elharamainhaji.com/travel-haji-khusus-kabupaten-seram-bagian-timur/,"0812-8729-2422, Travel Haji Khusus Kabupaten Seram Bagian Timur"
1412,publish,2026-05-15T19:16:01,travel-haji-khusus-kota-ambon,https://www.elharamainhaji.com/travel-haji-khusus-kota-ambon/,"0812-8729-2422, Travel Haji Khusus Kota Ambon"
1413,publish,2026-05-15T14:13:56,travel-haji-khusus-kota-tual,https://www.elharamainhaji.com/travel-haji-khusus-kota-tual/,"0812-8729-2422, Travel Haji Khusus Kota Tual"
1414,publish,2026-05-16T20:58:56,travel-haji-khusus-kabupaten-halmahera-barat,https://www.elharamainhaji.com/travel-haji-khusus-kabupaten-halmahera-barat/,"0812-8729-2422, Travel Haji Khusus Kabupaten Halmahera Barat"
1415,publish,2026-05-16T19:13:24,travel-haji-khusus-kabupaten-halmahera-tengah,https://www.elharamainhaji.com/travel-haji-khusus-kabupaten-halmahera-tengah/,"0812-8729-2422, Travel Haji Khusus Kabupaten Halmahera Tengah"
1416,publish,2026-05-16T02:25:33,travel-haji-khusus-kabupaten-halmahera-timur,https://www.elharamainhaji.com/travel-haji-khusus-kabupaten-halmahera-timur/,"0812-8729-2422, Travel Haji Khusus Kabupaten Halmahera Timur"
1417,publish,2026-05-17T01:23:54,travel-haji-khusus-kabupaten-halmahera-selatan,https://www.elharamainhaji.com/travel-haji-khusus-kabupaten-halmahera-selatan/,"0812-8729-2422, Travel Haji Khusus Kabupaten Halmahera Selatan"
1418,publish,2026-05-17T01:06:39,travel-haji-khusus-kabupaten-halmahera-utara,https://www.elharamainhaji.com/travel-haji-khusus-kabupaten-halmahera-utara/,"0812-8729-2422, Travel Haji Khusus Kabupaten Halmahera Utara"
1419,publish,2026-05-17T03:01:02,travel-haji-khusus-kabupaten-kepulauan-sula,https://www.elharamainhaji.com/travel-haji-khusus-kabupaten-kepulauan-sula/,"0812-8729-2422, Travel Haji Khusus Kabupaten Kepulauan Sula"
1420,publish,2026-05-18T08:27:07,travel-haji-khusus-kabupaten-pulau-morotai,https://www.elharamainhaji.com/travel-haji-khusus-kabupaten-pulau-morotai/,"0812-8729-2422, Travel Haji Khusus Kabupaten Pulau Morotai"
1421,publish,2026-05-18T11:01:43,travel-haji-khusus-kabupaten-pulau-taliabu,https://www.elharamainhaji.com/travel-haji-khusus-kabupaten-pulau-taliabu/,"0812-8729-2422, Travel Haji Khusus Kabupaten Pulau Taliabu"
1422,publish,2026-05-18T21:43:43,travel-haji-khusus-kota-ternate,https://www.elharamainhaji.com/travel-haji-khusus-kota-ternate/,"0812-8729-2422, Travel Haji Khusus Kota Ternate"
1423,publish,2026-05-19T21:33:59,travel-haji-khusus-kota-tidore-kepulauan,https://www.elharamainhaji.com/travel-haji-khusus-kota-tidore-kepulauan/,"0812-8729-2422, Travel Haji Khusus Kota Tidore Kepulauan"
1424,publish,2026-05-19T03:01:36,travel-haji-khusus-kabupaten-biak-numfor,https://www.elharamainhaji.com/travel-haji-khusus-kabupaten-biak-numfor/,"0812-8729-2422, Travel Haji Khusus Kabupaten Biak Numfor"
1425,publish,2026-05-19T00:47:26,travel-haji-khusus-kabupaten-jayapura,https://www.elharamainhaji.com/travel-haji-khusus-kabupaten-jayapura/,"0812-8729-2422, Travel Haji Khusus Kabupaten Jayapura"
1426,publish,2026-05-20T06:38:24,travel-haji-khusus-kabupaten-keerom,https://www.elharamainhaji.com/travel-haji-khusus-kabupaten-keerom/,"0812-8729-2422, Travel Haji Khusus Kabupaten Keerom"
1427,publish,2026-05-20T14:12:03,travel-haji-khusus-kabupaten-kepulauan-yapen,https://www.elharamainhaji.com/travel-haji-khusus-kabupaten-kepulauan-yapen/,"0812-8729-2422, Travel Haji Khusus Kabupaten Kepulauan Yapen"
1428,publish,2026-05-20T15:55:14,travel-haji-khusus-kabupaten-mamberamo-raya,https://www.elharamainhaji.com/travel-haji-khusus-kabupaten-mamberamo-raya/,"0812-8729-2422, Travel Haji Khusus Kabupaten Mamberamo Raya"
1429,publish,2026-05-21T06:21:14,travel-haji-khusus-kabupaten-sarmi,https://www.elharamainhaji.com/travel-haji-khusus-kabupaten-sarmi/,"0812-8729-2422, Travel Haji Khusus Kabupaten Sarmi"
1430,publish,2026-05-21T05:40:30,travel-haji-khusus-kabupaten-supiori,https://www.elharamainhaji.com/travel-haji-khusus-kabupaten-supiori/,"0812-8729-2422, Travel Haji Khusus Kabupaten Supiori"
1431,publish,2026-05-21T13:52:07,travel-haji-khusus-kabupaten-waropen,https://www.elharamainhaji.com/travel-haji-khusus-kabupaten-waropen/,"0812-8729-2422, Travel Haji Khusus Kabupaten Waropen"
1432,publish,2026-05-22T22:35:42,travel-haji-khusus-kota-jayapura,https://www.elharamainhaji.com/travel-haji-khusus-kota-jayapura/,"0812-8729-2422, Travel Haji Khusus Kota Jayapura"
1433,publish,2026-05-22T19:59:22,travel-haji-khusus-kabupaten-fakfak,https://www.elharamainhaji.com/travel-haji-khusus-kabupaten-fakfak/,"0812-8729-2422, Travel Haji Khusus Kabupaten Fakfak"
1434,publish,2026-05-22T06:23:03,travel-haji-khusus-kabupaten-kaimana,https://www.elharamainhaji.com/travel-haji-khusus-kabupaten-kaimana/,"0812-8729-2422, Travel Haji Khusus Kabupaten Kaimana"
1435,publish,2026-05-23T22:36:40,travel-haji-khusus-kabupaten-manokwari,https://www.elharamainhaji.com/travel-haji-khusus-kabupaten-manokwari/,"0812-8729-2422, Travel Haji Khusus Kabupaten Manokwari"
1436,publish,2026-05-23T04:16:20,travel-haji-khusus-kabupaten-manokwari-selatan,https://www.elharamainhaji.com/travel-haji-khusus-kabupaten-manokwari-selatan/,"0812-8729-2422, Travel Haji Khusus Kabupaten Manokwari Selatan"
1437,publish,2026-05-23T04:41:58,travel-haji-khusus-kabupaten-pegunungan-arfak,https://www.elharamainhaji.com/travel-haji-khusus-kabupaten-pegunungan-arfak/,"0812-8729-2422, Travel Haji Khusus Kabupaten Pegunungan Arfak"
1438,publish,2026-05-24T23:39:42,travel-haji-khusus-kabupaten-teluk-bintuni,https://www.elharamainhaji.com/travel-haji-khusus-kabupaten-teluk-bintuni/,"0812-8729-2422, Travel Haji Khusus Kabupaten Teluk Bintuni"
1439,publish,2026-05-24T11:01:05,travel-haji-khusus-kabupaten-teluk-wondama,https://www.elharamainhaji.com/travel-haji-khusus-kabupaten-teluk-wondama/,"0812-8729-2422, Travel Haji Khusus Kabupaten Teluk Wondama"
1440,publish,2026-05-24T21:35:33,travel-haji-khusus-kabupaten-asmat,https://www.elharamainhaji.com/travel-haji-khusus-kabupaten-asmat/,"0812-8729-2422, Travel Haji Khusus Kabupaten Asmat"
1441,publish,2026-05-25T18:28:16,travel-haji-khusus-kabupaten-boven-digoel,https://www.elharamainhaji.com/travel-haji-khusus-kabupaten-boven-digoel/,"0812-8729-2422, Travel Haji Khusus Kabupaten Boven Digoel"
1442,publish,2026-05-25T17:58:28,travel-haji-khusus-kabupaten-mappi,https://www.elharamainhaji.com/travel-haji-khusus-kabupaten-mappi/,"0812-8729-2422, Travel Haji Khusus Kabupaten Mappi"
1443,publish,2026-05-25T09:29:07,travel-haji-khusus-kabupaten-merauke,https://www.elharamainhaji.com/travel-haji-khusus-kabupaten-merauke/,"0812-8729-2422, Travel Haji Khusus Kabupaten Merauke"
1444,publish,2026-05-26T05:00:25,travel-haji-khusus-kabupaten-deiyai,https://www.elharamainhaji.com/travel-haji-khusus-kabupaten-deiyai/,"0812-8729-2422, Travel Haji Khusus Kabupaten Deiyai"
1445,publish,2026-05-26T01:14:03,travel-haji-khusus-kabupaten-dogiyai,https://www.elharamainhaji.com/travel-haji-khusus-kabupaten-dogiyai/,"0812-8729-2422, Travel Haji Khusus Kabupaten Dogiyai"
1446,publish,2026-05-26T21:04:04,travel-haji-khusus-kabupaten-intan-jaya,https://www.elharamainhaji.com/travel-haji-khusus-kabupaten-intan-jaya/,"0812-8729-2422, Travel Haji Khusus Kabupaten Intan Jaya"
1447,publish,2026-05-27T04:00:56,travel-haji-khusus-kabupaten-mimika,https://www.elharamainhaji.com/travel-haji-khusus-kabupaten-mimika/,"0812-8729-2422, Travel Haji Khusus Kabupaten Mimika"
1448,publish,2026-05-27T14:43:20,travel-haji-khusus-kabupaten-nabire,https://www.elharamainhaji.com/travel-haji-khusus-kabupaten-nabire/,"0812-8729-2422, Travel Haji Khusus Kabupaten Nabire"
1449,publish,2026-05-27T19:26:25,travel-haji-khusus-kabupaten-paniai,https://www.elharamainhaji.com/travel-haji-khusus-kabupaten-paniai/,"0812-8729-2422, Travel Haji Khusus Kabupaten Paniai"
1450,publish,2026-05-28T04:41:44,travel-haji-khusus-kabupaten-puncak,https://www.elharamainhaji.com/travel-haji-khusus-kabupaten-puncak/,"0812-8729-2422, Travel Haji Khusus Kabupaten Puncak"
1451,publish,2026-05-28T11:34:01,travel-haji-khusus-kabupaten-puncak-jaya,https://www.elharamainhaji.com/travel-haji-khusus-kabupaten-puncak-jaya/,"0812-8729-2422, Travel Haji Khusus Kabupaten Puncak Jaya"
1452,publish,2026-05-28T11:52:18,travel-haji-khusus-kabupaten-jayawijaya,https://www.elharamainhaji.com/travel-haji-khusus-kabupaten-jayawijaya/,"0812-8729-2422, Travel Haji Khusus Kabupaten Jayawijaya"
1453,publish,2026-05-29T04:06:51,travel-haji-khusus-kabupaten-lanny-jaya,https://www.elharamainhaji.com/travel-haji-khusus-kabupaten-lanny-jaya/,"0812-8729-2422, Travel Haji Khusus Kabupaten Lanny Jaya"
1454,publish,2026-05-29T15:00:18,travel-haji-khusus-kabupaten-mamberamo-tengah,https://www.elharamainhaji.com/travel-haji-khusus-kabupaten-mamberamo-tengah/,"0812-8729-2422, Travel Haji Khusus Kabupaten Mamberamo Tengah"
1455,publish,2026-05-29T17:47:08,travel-haji-khusus-kabupaten-nduga,https://www.elharamainhaji.com/travel-haji-khusus-kabupaten-nduga/,"0812-8729-2422, Travel Haji Khusus Kabupaten Nduga"
1456,publish,2026-05-30T22:29:22,travel-haji-khusus-kabupaten-pegunungan-bintang,https://www.elharamainhaji.com/travel-haji-khusus-kabupaten-pegunungan-bintang/,"0812-8729-2422, Travel Haji Khusus Kabupaten Pegunungan Bintang"
1457,publish,2026-05-30T13:22:30,travel-haji-khusus-kabupaten-tolikara,https://www.elharamainhaji.com/travel-haji-khusus-kabupaten-tolikara/,"0812-8729-2422, Travel Haji Khusus Kabupaten Tolikara"
1458,publish,2026-05-30T12:09:28,travel-haji-khusus-kabupaten-yalimo,https://www.elharamainhaji.com/travel-haji-khusus-kabupaten-yalimo/,"0812-8729-2422, Travel Haji Khusus Kabupaten Yalimo"
1459,publish,2026-05-31T04:44:20,travel-haji-khusus-kabupaten-yahukimo,https://www.elharamainhaji.com/travel-haji-khusus-kabupaten-yahukimo/,"0812-8729-2422, Travel Haji Khusus Kabupaten Yahukimo"
1460,publish,2026-05-31T20:15:29,travel-haji-khusus-kabupaten-maybrat,https://www.elharamainhaji.com/travel-haji-khusus-kabupaten-maybrat/,"0812-8729-2422, Travel Haji Khusus Kabupaten Maybrat"
1461,publish,2026-05-31T01:26:44,travel-haji-khusus-kabupaten-raja-ampat,https://www.elharamainhaji.com/travel-haji-khusus-kabupaten-raja-ampat/,"0812-8729-2422, Travel Haji Khusus Kabupaten Raja Ampat"
1464,publish,2026-06-01T15:48:07,travel-haji-khusus-kabupaten-tambrauw,https://www.elharamainhaji.com/travel-haji-khusus-kabupaten-tambrauw/,"0812-8729-2422, Travel Haji Khusus Kabupaten Tambrauw"
1467,publish,2026-06-03T07:52:07,haji-onh-plus-kabupaten-aceh-barat,https://www.elharamainhaji.com/haji-onh-plus-kabupaten-aceh-barat/,"0812-8729-2422, Haji Plus Kabupaten Aceh Barat"
1468,publish,2026-06-03T02:12:39,haji-onh-plus-kabupaten-aceh-barat-daya,https://www.elharamainhaji.com/haji-onh-plus-kabupaten-aceh-barat-daya/,"0812-8729-2422, Haji Plus Kabupaten Aceh Barat Daya"
1469,publish,2026-06-03T03:04:27,haji-onh-plus-kabupaten-aceh-besar,https://www.elharamainhaji.com/haji-onh-plus-kabupaten-aceh-besar/,"0812-8729-2422, Haji Plus Kabupaten Aceh Besar"
1470,publish,2026-06-04T17:20:42,haji-onh-plus-kabupaten-aceh-jaya,https://www.elharamainhaji.com/haji-onh-plus-kabupaten-aceh-jaya/,"0812-8729-2422, Haji Plus Kabupaten Aceh Jaya"
1471,publish,2026-06-04T02:34:38,haji-onh-plus-kabupaten-aceh-selatan,https://www.elharamainhaji.com/haji-onh-plus-kabupaten-aceh-selatan/,"0812-8729-2422, Haji Plus Kabupaten Aceh Selatan"
1472,publish,2026-06-04T18:16:39,haji-onh-plus-kabupaten-aceh-singkil,https://www.elharamainhaji.com/haji-onh-plus-kabupaten-aceh-singkil/,"0812-8729-2422, Haji Plus Kabupaten Aceh Singkil"
1473,publish,2026-06-05T15:10:55,haji-onh-plus-kabupaten-aceh-tamiang,https://www.elharamainhaji.com/haji-onh-plus-kabupaten-aceh-tamiang/,"0812-8729-2422, Haji Plus Kabupaten Aceh Tamiang"
1474,publish,2026-06-05T05:10:53,haji-onh-plus-kabupaten-aceh-tengah,https://www.elharamainhaji.com/haji-onh-plus-kabupaten-aceh-tengah/,"0812-8729-2422, Haji Plus Kabupaten Aceh Tengah"
1475,publish,2026-06-05T15:54:52,haji-onh-plus-kabupaten-aceh-tenggara,https://www.elharamainhaji.com/haji-onh-plus-kabupaten-aceh-tenggara/,"0812-8729-2422, Haji Plus Kabupaten Aceh Tenggara"
1476,publish,2026-06-06T12:24:35,haji-onh-plus-kabupaten-aceh-timur,https://www.elharamainhaji.com/haji-onh-plus-kabupaten-aceh-timur/,"0812-8729-2422, Haji Plus Kabupaten Aceh Timur"
1477,publish,2026-06-06T14:28:07,haji-onh-plus-kabupaten-aceh-utara,https://www.elharamainhaji.com/haji-onh-plus-kabupaten-aceh-utara/,"0812-8729-2422, Haji Plus Kabupaten Aceh Utara"
1478,publish,2026-06-06T16:50:49,haji-onh-plus-kabupaten-bener-meriah,https://www.elharamainhaji.com/haji-onh-plus-kabupaten-bener-meriah/,"0812-8729-2422, Haji Plus Kabupaten Bener Meriah"
1479,publish,2026-06-07T16:30:50,haji-onh-plus-kabupaten-bireuen,https://www.elharamainhaji.com/haji-onh-plus-kabupaten-bireuen/,"0812-8729-2422, Haji Plus Kabupaten Bireuen"
1480,publish,2026-06-07T17:03:25,haji-onh-plus-kabupaten-gayo-lues,https://www.elharamainhaji.com/haji-onh-plus-kabupaten-gayo-lues/,"0812-8729-2422, Haji Plus Kabupaten Gayo Lues"
1481,publish,2026-06-07T10:36:51,haji-onh-plus-kabupaten-nagan-raya,https://www.elharamainhaji.com/haji-onh-plus-kabupaten-nagan-raya/,"0812-8729-2422, Haji Plus Kabupaten Nagan Raya"
1482,publish,2026-06-08T23:37:15,haji-onh-plus-kabupaten-pidie,https://www.elharamainhaji.com/haji-onh-plus-kabupaten-pidie/,"0812-8729-2422, Haji Plus Kabupaten Pidie"
1483,publish,2026-06-08T13:09:50,haji-onh-plus-kabupaten-pidie-jaya,https://www.elharamainhaji.com/haji-onh-plus-kabupaten-pidie-jaya/,"0812-8729-2422, Haji Plus Kabupaten Pidie Jaya"
1484,publish,2026-06-08T12:19:16,haji-onh-plus-kabupaten-simeulue,https://www.elharamainhaji.com/haji-onh-plus-kabupaten-simeulue/,"0812-8729-2422, Haji Plus Kabupaten Simeulue"
1485,publish,2026-06-09T10:45:15,haji-onh-plus-kota-banda-aceh,https://www.elharamainhaji.com/haji-onh-plus-kota-banda-aceh/,"0812-8729-2422, Haji Plus Kota Banda Aceh"
1486,publish,2026-06-09T23:42:14,haji-onh-plus-kota-langsa,https://www.elharamainhaji.com/haji-onh-plus-kota-langsa/,"0812-8729-2422, Haji Plus Kota Langsa"
1487,publish,2026-06-09T21:18:35,haji-onh-plus-kota-lhokseumawe,https://www.elharamainhaji.com/haji-onh-plus-kota-lhokseumawe/,"0812-8729-2422, Haji Plus Kota Lhokseumawe"
1488,publish,2026-06-10T08:47:20,haji-onh-plus-kota-sabang,https://www.elharamainhaji.com/haji-onh-plus-kota-sabang/,"0812-8729-2422, Haji Plus Kota Sabang"
1489,publish,2026-06-10T11:21:14,haji-onh-plus-kota-subulussalam,https://www.elharamainhaji.com/haji-onh-plus-kota-subulussalam/,"0812-8729-2422, Haji Plus Kota Subulussalam"
1490,publish,2026-06-10T11:06:17,haji-onh-plus-kabupaten-asahan,https://www.elharamainhaji.com/haji-onh-plus-kabupaten-asahan/,"0812-8729-2422, Haji Plus Kabupaten Asahan"
1491,publish,2026-06-11T15:48:58,haji-onh-plus-kabupaten-batu-bara,https://www.elharamainhaji.com/haji-onh-plus-kabupaten-batu-bara/,"0812-8729-2422, Haji Plus Kabupaten Batu Bara"
1492,publish,2026-06-11T02:12:29,haji-onh-plus-kabupaten-dairi,https://www.elharamainhaji.com/haji-onh-plus-kabupaten-dairi/,"0812-8729-2422, Haji Plus Kabupaten Dairi"
1493,publish,2026-06-11T07:47:00,haji-onh-plus-kabupaten-deli-serdang,https://www.elharamainhaji.com/haji-onh-plus-kabupaten-deli-serdang/,"0812-8729-2422, Haji Plus Kabupaten Deli Serdang"
1494,publish,2026-06-12T10:05:15,haji-onh-plus-kabupaten-humbang-hasundutan,https://www.elharamainhaji.com/haji-onh-plus-kabupaten-humbang-hasundutan/,"0812-8729-2422, Haji Plus Kabupaten Humbang Hasundutan"
1495,publish,2026-06-12T21:30:21,haji-onh-plus-kabupaten-karo,https://www.elharamainhaji.com/haji-onh-plus-kabupaten-karo/,"0812-8729-2422, Haji Plus Kabupaten Karo"
1496,publish,2026-06-12T12:27:16,haji-onh-plus-kabupaten-labuhanbatu,https://www.elharamainhaji.com/haji-onh-plus-kabupaten-labuhanbatu/,"0812-8729-2422, Haji Plus Kabupaten Labuhanbatu"
1497,publish,2026-06-13T23:33:20,haji-onh-plus-kabupaten-labuhanbatu-selatan,https://www.elharamainhaji.com/haji-onh-plus-kabupaten-labuhanbatu-selatan/,"0812-8729-2422, Haji Plus Kabupaten Labuhanbatu Selatan"
1498,publish,2026-06-13T06:43:06,haji-onh-plus-kabupaten-labuhanbatu-utara,https://www.elharamainhaji.com/haji-onh-plus-kabupaten-labuhanbatu-utara/,"0812-8729-2422, Haji Plus Kabupaten Labuhanbatu Utara"
1499,publish,2026-06-13T11:08:33,haji-onh-plus-kabupaten-langkat,https://www.elharamainhaji.com/haji-onh-plus-kabupaten-langkat/,"0812-8729-2422, Haji Plus Kabupaten Langkat"
1500,publish,2026-06-14T11:42:10,haji-onh-plus-kabupaten-mandailing-natal,https://www.elharamainhaji.com/haji-onh-plus-kabupaten-mandailing-natal/,"0812-8729-2422, Haji Plus Kabupaten Mandailing Natal"
1501,publish,2026-06-14T15:51:12,haji-onh-plus-kabupaten-nias,https://www.elharamainhaji.com/haji-onh-plus-kabupaten-nias/,"0812-8729-2422, Haji Plus Kabupaten Nias"
1502,publish,2026-06-14T21:17:01,haji-onh-plus-kabupaten-nias-barat,https://www.elharamainhaji.com/haji-onh-plus-kabupaten-nias-barat/,"0812-8729-2422, Haji Plus Kabupaten Nias Barat"
1503,publish,2026-06-15T12:27:00,haji-onh-plus-kabupaten-nias-selatan,https://www.elharamainhaji.com/haji-onh-plus-kabupaten-nias-selatan/,"0812-8729-2422, Haji Plus Kabupaten Nias Selatan"
1504,publish,2026-06-15T23:35:00,haji-onh-plus-kabupaten-nias-utara,https://www.elharamainhaji.com/haji-onh-plus-kabupaten-nias-utara/,"0812-8729-2422, Haji Plus Kabupaten Nias Utara"
1505,publish,2026-06-15T01:38:28,haji-onh-plus-kabupaten-padang-lawas,https://www.elharamainhaji.com/haji-onh-plus-kabupaten-padang-lawas/,"0812-8729-2422, Haji Plus Kabupaten Padang Lawas"
1506,publish,2026-06-16T02:18:05,haji-onh-plus-kabupaten-padang-lawas-utara,https://www.elharamainhaji.com/haji-onh-plus-kabupaten-padang-lawas-utara/,"0812-8729-2422, Haji Plus Kabupaten Padang Lawas Utara"
1507,publish,2026-06-16T03:27:00,haji-onh-plus-kabupaten-pakpak-bharat,https://www.elharamainhaji.com/haji-onh-plus-kabupaten-pakpak-bharat/,"0812-8729-2422, Haji Plus Kabupaten Pakpak Bharat"
1508,publish,2026-06-16T10:39:10,haji-onh-plus-kabupaten-samosir,https://www.elharamainhaji.com/haji-onh-plus-kabupaten-samosir/,"0812-8729-2422, Haji Plus Kabupaten Samosir"
1509,publish,2026-06-17T12:09:30,haji-onh-plus-kabupaten-serdang-bedagai,https://www.elharamainhaji.com/haji-onh-plus-kabupaten-serdang-bedagai/,"0812-8729-2422, Haji Plus Kabupaten Serdang Bedagai"
1510,publish,2026-06-17T05:08:07,haji-onh-plus-kabupaten-simalungun,https://www.elharamainhaji.com/haji-onh-plus-kabupaten-simalungun/,"0812-8729-2422, Haji Plus Kabupaten Simalungun"
1511,publish,2026-06-17T03:03:08,haji-onh-plus-kabupaten-tapanuli-selatan,https://www.elharamainhaji.com/haji-onh-plus-kabupaten-tapanuli-selatan/,"0812-8729-2422, Haji Plus Kabupaten Tapanuli Selatan"
1512,publish,2026-06-18T18:31:11,haji-onh-plus-kabupaten-tapanuli-tengah,https://www.elharamainhaji.com/haji-onh-plus-kabupaten-tapanuli-tengah/,"0812-8729-2422, Haji Plus Kabupaten Tapanuli Tengah"
1513,publish,2026-06-18T22:40:01,haji-onh-plus-kabupaten-tapanuli-utara,https://www.elharamainhaji.com/haji-onh-plus-kabupaten-tapanuli-utara/,"0812-8729-2422, Haji Plus Kabupaten Tapanuli Utara"
1514,publish,2026-06-18T06:33:27,haji-onh-plus-kabupaten-toba,https://www.elharamainhaji.com/haji-onh-plus-kabupaten-toba/,"0812-8729-2422, Haji Plus Kabupaten Toba"
1515,publish,2026-06-19T09:15:25,haji-onh-plus-kota-binjai,https://www.elharamainhaji.com/haji-onh-plus-kota-binjai/,"0812-8729-2422, Haji Plus Kota Binjai"
1516,publish,2026-06-19T07:46:44,haji-onh-plus-kota-gunungsitoli,https://www.elharamainhaji.com/haji-onh-plus-kota-gunungsitoli/,"0812-8729-2422, Haji Plus Kota Gunungsitoli"
1517,publish,2026-06-19T01:35:05,haji-onh-plus-kota-medan,https://www.elharamainhaji.com/haji-onh-plus-kota-medan/,"0812-8729-2422, Haji Plus Kota Medan"
1518,publish,2026-06-20T21:00:08,haji-onh-plus-kota-padang-sidempuan,https://www.elharamainhaji.com/haji-onh-plus-kota-padang-sidempuan/,"0812-8729-2422, Haji Plus Kota Padang Sidempuan"
1519,publish,2026-06-20T23:20:28,haji-onh-plus-kota-pematangsiantar,https://www.elharamainhaji.com/haji-onh-plus-kota-pematangsiantar/,"0812-8729-2422, Haji Plus Kota Pematangsiantar"
1520,publish,2026-06-20T19:39:42,haji-onh-plus-kota-sibolga,https://www.elharamainhaji.com/haji-onh-plus-kota-sibolga/,"0812-8729-2422, Haji Plus Kota Sibolga"
1521,publish,2026-06-21T21:18:07,haji-onh-plus-kota-tanjungbalai,https://www.elharamainhaji.com/haji-onh-plus-kota-tanjungbalai/,"0812-8729-2422, Haji Plus Kota Tanjungbalai"
1522,publish,2026-06-21T22:55:55,haji-onh-plus-kota-tebing-tinggi,https://www.elharamainhaji.com/haji-onh-plus-kota-tebing-tinggi/,"0812-8729-2422, Haji Plus Kota Tebing Tinggi"
1523,publish,2026-06-21T08:38:26,haji-onh-plus-kabupaten-agam,https://www.elharamainhaji.com/haji-onh-plus-kabupaten-agam/,"0812-8729-2422, Haji Plus Kabupaten Agam"
1524,publish,2026-06-22T17:20:13,haji-onh-plus-kabupaten-dharmasraya,https://www.elharamainhaji.com/haji-onh-plus-kabupaten-dharmasraya/,"0812-8729-2422, Haji Plus Kabupaten Dharmasraya"
1525,publish,2026-06-22T07:38:20,haji-onh-plus-kabupaten-kepulauan-mentawai,https://www.elharamainhaji.com/haji-onh-plus-kabupaten-kepulauan-mentawai/,"0812-8729-2422, Haji Plus Kabupaten Kepulauan Mentawai"
1526,publish,2026-06-22T18:46:01,haji-onh-plus-kabupaten-lima-puluh-kota,https://www.elharamainhaji.com/haji-onh-plus-kabupaten-lima-puluh-kota/,"0812-8729-2422, Haji Plus Kabupaten Lima Puluh Kota"
1527,publish,2026-06-23T00:00:21,haji-onh-plus-kabupaten-padang-pariaman,https://www.elharamainhaji.com/haji-onh-plus-kabupaten-padang-pariaman/,"0812-8729-2422, Haji Plus Kabupaten Padang Pariaman"
1528,publish,2026-06-23T22:44:33,haji-onh-plus-kabupaten-pasaman,https://www.elharamainhaji.com/haji-onh-plus-kabupaten-pasaman/,"0812-8729-2422, Haji Plus Kabupaten Pasaman"
1529,publish,2026-06-24T02:35:00,haji-onh-plus-kabupaten-pesisir-selatan,https://www.elharamainhaji.com/haji-onh-plus-kabupaten-pesisir-selatan/,"0812-8729-2422, Haji Plus Kabupaten Pesisir Selatan"
1530,publish,2026-06-24T10:20:46,haji-onh-plus-kabupaten-sijunjung,https://www.elharamainhaji.com/haji-onh-plus-kabupaten-sijunjung/,"0812-8729-2422, Haji Plus Kabupaten Sijunjung"
1531,publish,2026-06-24T04:53:13,haji-onh-plus-kabupaten-solok,https://www.elharamainhaji.com/haji-onh-plus-kabupaten-solok/,"0812-8729-2422, Haji Plus Kabupaten Solok"
1532,publish,2026-06-25T14:33:26,haji-onh-plus-kabupaten-solok-selatan,https://www.elharamainhaji.com/haji-onh-plus-kabupaten-solok-selatan/,"0812-8729-2422, Haji Plus Kabupaten Solok Selatan"
1533,publish,2026-06-25T15:02:50,haji-onh-plus-kabupaten-tanah-datar,https://www.elharamainhaji.com/haji-onh-plus-kabupaten-tanah-datar/,"0812-8729-2422, Haji Plus Kabupaten Tanah Datar"
1534,publish,2026-06-25T03:47:12,haji-onh-plus-kota-bukittinggi,https://www.elharamainhaji.com/haji-onh-plus-kota-bukittinggi/,"0812-8729-2422, Haji Plus Kota Bukittinggi"
1535,publish,2026-06-26T21:35:44,haji-onh-plus-kota-padang,https://www.elharamainhaji.com/haji-onh-plus-kota-padang/,"0812-8729-2422, Haji Plus Kota Padang"
1536,publish,2026-06-26T03:38:11,haji-onh-plus-kota-padang-panjang,https://www.elharamainhaji.com/haji-onh-plus-kota-padang-panjang/,"0812-8729-2422, Haji Plus Kota Padang Panjang"
1537,publish,2026-06-26T18:55:32,haji-onh-plus-kota-pariaman,https://www.elharamainhaji.com/haji-onh-plus-kota-pariaman/,"0812-8729-2422, Haji Plus Kota Pariaman"
1538,publish,2026-06-27T03:01:06,haji-onh-plus-kota-payakumbuh,https://www.elharamainhaji.com/haji-onh-plus-kota-payakumbuh/,"0812-8729-2422, Haji Plus Kota Payakumbuh"
1539,publish,2026-06-27T21:09:21,haji-onh-plus-kota-sawahlunto,https://www.elharamainhaji.com/haji-onh-plus-kota-sawahlunto/,"0812-8729-2422, Haji Plus Kota Sawahlunto"
1540,publish,2026-06-27T06:53:00,haji-onh-plus-kota-solok,https://www.elharamainhaji.com/haji-onh-plus-kota-solok/,"0812-8729-2422, Haji Plus Kota Solok"
1541,publish,2026-06-28T00:00:58,haji-onh-plus-kabupaten-bengkalis,https://www.elharamainhaji.com/haji-onh-plus-kabupaten-bengkalis/,"0812-8729-2422, Haji Plus Kabupaten Bengkalis"
1542,publish,2026-06-28T15:27:06,haji-onh-plus-kabupaten-indragiri-hilir,https://www.elharamainhaji.com/haji-onh-plus-kabupaten-indragiri-hilir/,"0812-8729-2422, Haji Plus Kabupaten Indragiri Hilir"
1543,publish,2026-06-28T23:47:40,haji-onh-plus-kabupaten-indragiri-hulu,https://www.elharamainhaji.com/haji-onh-plus-kabupaten-indragiri-hulu/,"0812-8729-2422, Haji Plus Kabupaten Indragiri Hulu"
1544,publish,2026-06-29T09:22:53,haji-onh-plus-kabupaten-kampar,https://www.elharamainhaji.com/haji-onh-plus-kabupaten-kampar/,"0812-8729-2422, Haji Plus Kabupaten Kampar"
1545,publish,2026-06-29T11:22:17,haji-onh-plus-kabupaten-kepulauan-meranti,https://www.elharamainhaji.com/haji-onh-plus-kabupaten-kepulauan-meranti/,"0812-8729-2422, Haji Plus Kabupaten Kepulauan Meranti"
1546,publish,2026-06-29T15:28:39,haji-onh-plus-kabupaten-kuantan-singingi,https://www.elharamainhaji.com/haji-onh-plus-kabupaten-kuantan-singingi/,"0812-8729-2422, Haji Plus Kabupaten Kuantan Singingi"
1547,publish,2026-06-30T04:51:00,haji-onh-plus-kabupaten-pelalawan,https://www.elharamainhaji.com/haji-onh-plus-kabupaten-pelalawan/,"0812-8729-2422, Haji Plus Kabupaten Pelalawan"
1548,publish,2026-06-30T07:52:23,haji-onh-plus-kabupaten-rokan-hilir,https://www.elharamainhaji.com/haji-onh-plus-kabupaten-rokan-hilir/,"0812-8729-2422, Haji Plus Kabupaten Rokan Hilir"
1549,publish,2026-06-30T14:23:57,haji-onh-plus-kabupaten-rokan-hulu,https://www.elharamainhaji.com/haji-onh-plus-kabupaten-rokan-hulu/,"0812-8729-2422, Haji Plus Kabupaten Rokan Hulu"
1550,publish,2026-07-01T23:57:08,haji-onh-plus-kabupaten-siak,https://www.elharamainhaji.com/haji-onh-plus-kabupaten-siak/,"0812-8729-2422, Haji Plus Kabupaten Siak"
1551,publish,2026-07-01T08:19:17,haji-onh-plus-kota-dumai,https://www.elharamainhaji.com/haji-onh-plus-kota-dumai/,"0812-8729-2422, Haji Plus Kota Dumai"
1552,publish,2026-07-01T17:58:52,haji-onh-plus-kota-pekanbaru,https://www.elharamainhaji.com/haji-onh-plus-kota-pekanbaru/,"0812-8729-2422, Haji Plus Kota Pekanbaru"
1553,publish,2026-07-02T21:02:32,haji-onh-plus-kabupaten-batanghari,https://www.elharamainhaji.com/haji-onh-plus-kabupaten-batanghari/,"0812-8729-2422, Haji Plus Kabupaten Batanghari"
1554,publish,2026-07-02T00:28:31,haji-onh-plus-kabupaten-bungo,https://www.elharamainhaji.com/haji-onh-plus-kabupaten-bungo/,"0812-8729-2422, Haji Plus Kabupaten Bungo"
1555,publish,2026-07-02T04:10:49,haji-onh-plus-kabupaten-kerinci,https://www.elharamainhaji.com/haji-onh-plus-kabupaten-kerinci/,"0812-8729-2422, Haji Plus Kabupaten Kerinci"
1556,publish,2026-07-03T21:02:42,haji-onh-plus-kabupaten-merangin,https://www.elharamainhaji.com/haji-onh-plus-kabupaten-merangin/,"0812-8729-2422, Haji Plus Kabupaten Merangin"
1557,publish,2026-07-03T22:21:24,haji-onh-plus-kabupaten-muaro-jambi,https://www.elharamainhaji.com/haji-onh-plus-kabupaten-muaro-jambi/,"0812-8729-2422, Haji Plus Kabupaten Muaro Jambi"
1558,publish,2026-07-03T13:53:16,haji-onh-plus-kabupaten-sarolangun,https://www.elharamainhaji.com/haji-onh-plus-kabupaten-sarolangun/,"0812-8729-2422, Haji Plus Kabupaten Sarolangun"
1559,publish,2026-07-04T04:59:20,haji-onh-plus-kabupaten-tanjung-jabung-barat,https://www.elharamainhaji.com/haji-onh-plus-kabupaten-tanjung-jabung-barat/,"0812-8729-2422, Haji Plus Kabupaten Tanjung Jabung Barat"
1560,publish,2026-07-04T07:49:37,haji-onh-plus-kabupaten-tanjung-jabung-timur,https://www.elharamainhaji.com/haji-onh-plus-kabupaten-tanjung-jabung-timur/,"0812-8729-2422, Haji Plus Kabupaten Tanjung Jabung Timur"
1561,publish,2026-07-04T02:26:57,haji-onh-plus-kabupaten-tebo,https://www.elharamainhaji.com/haji-onh-plus-kabupaten-tebo/,"0812-8729-2422, Haji Plus Kabupaten Tebo"
1562,publish,2026-07-05T23:30:41,haji-onh-plus-kota-jambi,https://www.elharamainhaji.com/haji-onh-plus-kota-jambi/,"0812-8729-2422, Haji Plus Kota Jambi"
1563,publish,2026-07-05T09:21:29,haji-onh-plus-kota-sungai-penuh,https://www.elharamainhaji.com/haji-onh-plus-kota-sungai-penuh/,"0812-8729-2422, Haji Plus Kota Sungai Penuh"
1564,publish,2026-07-05T04:51:03,haji-onh-plus-kabupaten-banyuasin,https://www.elharamainhaji.com/haji-onh-plus-kabupaten-banyuasin/,"0812-8729-2422, Haji Plus Kabupaten Banyuasin"
1565,publish,2026-07-06T19:32:27,haji-onh-plus-kabupaten-empat-lawang,https://www.elharamainhaji.com/haji-onh-plus-kabupaten-empat-lawang/,"0812-8729-2422, Haji Plus Kabupaten Empat Lawang"
1566,publish,2026-07-06T06:51:41,haji-onh-plus-kabupaten-lahat,https://www.elharamainhaji.com/haji-onh-plus-kabupaten-lahat/,"0812-8729-2422, Haji Plus Kabupaten Lahat"
1567,publish,2026-07-06T12:48:57,haji-onh-plus-kabupaten-muara-enim,https://www.elharamainhaji.com/haji-onh-plus-kabupaten-muara-enim/,"0812-8729-2422, Haji Plus Kabupaten Muara Enim"
1568,publish,2026-07-07T02:54:21,haji-onh-plus-kabupaten-musi-banyuasin,https://www.elharamainhaji.com/haji-onh-plus-kabupaten-musi-banyuasin/,"0812-8729-2422, Haji Plus Kabupaten Musi Banyuasin"
1569,publish,2026-07-07T15:50:06,haji-onh-plus-kabupaten-musi-rawas,https://www.elharamainhaji.com/haji-onh-plus-kabupaten-musi-rawas/,"0812-8729-2422, Haji Plus Kabupaten Musi Rawas"
1570,publish,2026-07-07T20:40:31,haji-onh-plus-kabupaten-musi-rawas-utara,https://www.elharamainhaji.com/haji-onh-plus-kabupaten-musi-rawas-utara/,"0812-8729-2422, Haji Plus Kabupaten Musi Rawas Utara"
1571,publish,2026-07-08T21:47:41,haji-onh-plus-kabupaten-ogan-ilir,https://www.elharamainhaji.com/haji-onh-plus-kabupaten-ogan-ilir/,"0812-8729-2422, Haji Plus Kabupaten Ogan Ilir"
1572,publish,2026-07-08T06:19:59,haji-onh-plus-kabupaten-ogan-komering-ilir,https://www.elharamainhaji.com/haji-onh-plus-kabupaten-ogan-komering-ilir/,"0812-8729-2422, Haji Plus Kabupaten Ogan Komering Ilir"
1573,publish,2026-07-08T02:14:49,haji-onh-plus-kabupaten-ogan-komering-ulu,https://www.elharamainhaji.com/haji-onh-plus-kabupaten-ogan-komering-ulu/,"0812-8729-2422, Haji Plus Kabupaten Ogan Komering Ulu"
1574,publish,2026-07-09T01:28:41,haji-onh-plus-kabupaten-ogan-komering-ulu-selatan,https://www.elharamainhaji.com/haji-onh-plus-kabupaten-ogan-komering-ulu-selatan/,"0812-8729-2422, Haji Plus Kabupaten Ogan Komering Ulu Selatan"
1575,publish,2026-07-09T11:56:23,haji-onh-plus-kabupaten-ogan-komering-ulu-timur,https://www.elharamainhaji.com/haji-onh-plus-kabupaten-ogan-komering-ulu-timur/,"0812-8729-2422, Haji Plus Kabupaten Ogan Komering Ulu Timur"
1576,publish,2026-07-09T18:12:26,haji-onh-plus-kabupaten-penukal-abab-lematang-ilir,https://www.elharamainhaji.com/haji-onh-plus-kabupaten-penukal-abab-lematang-ilir/,"0812-8729-2422, Haji Plus Kabupaten Penukal Abab Lematang Ilir"
1577,publish,2026-07-10T05:30:26,haji-onh-plus-kota-lubuklinggau,https://www.elharamainhaji.com/haji-onh-plus-kota-lubuklinggau/,"0812-8729-2422, Haji Plus Kota Lubuklinggau"
1578,publish,2026-07-10T23:04:18,haji-onh-plus-kota-pagar-alam,https://www.elharamainhaji.com/haji-onh-plus-kota-pagar-alam/,"0812-8729-2422, Haji Plus Kota Pagar Alam"
1579,publish,2026-07-10T19:40:31,haji-onh-plus-kota-palembang,https://www.elharamainhaji.com/haji-onh-plus-kota-palembang/,"0812-8729-2422, Haji Plus Kota Palembang"
1580,publish,2026-07-11T23:49:31,haji-onh-plus-kota-prabumulih,https://www.elharamainhaji.com/haji-onh-plus-kota-prabumulih/,"0812-8729-2422, Haji Plus Kota Prabumulih"
1581,publish,2026-07-11T08:51:48,haji-onh-plus-kabupaten-bengkulu-selatan,https://www.elharamainhaji.com/haji-onh-plus-kabupaten-bengkulu-selatan/,"0812-8729-2422, Haji Plus Kabupaten Bengkulu Selatan"
1582,publish,2026-07-11T06:03:00,haji-onh-plus-kabupaten-bengkulu-tengah,https://www.elharamainhaji.com/haji-onh-plus-kabupaten-bengkulu-tengah/,"0812-8729-2422, Haji Plus Kabupaten Bengkulu Tengah"
1583,publish,2026-07-12T06:51:50,haji-onh-plus-kabupaten-bengkulu-utara,https://www.elharamainhaji.com/haji-onh-plus-kabupaten-bengkulu-utara/,"0812-8729-2422, Haji Plus Kabupaten Bengkulu Utara"
1584,publish,2026-07-12T23:50:10,haji-onh-plus-kabupaten-kaur,https://www.elharamainhaji.com/haji-onh-plus-kabupaten-kaur/,"0812-8729-2422, Haji Plus Kabupaten Kaur"
1585,publish,2026-07-12T03:36:25,haji-onh-plus-kabupaten-kepahiang,https://www.elharamainhaji.com/haji-onh-plus-kabupaten-kepahiang/,"0812-8729-2422, Haji Plus Kabupaten Kepahiang"
1586,publish,2026-07-13T21:32:44,haji-onh-plus-kabupaten-lebong,https://www.elharamainhaji.com/haji-onh-plus-kabupaten-lebong/,"0812-8729-2422, Haji Plus Kabupaten Lebong"
1587,publish,2026-07-13T21:44:05,haji-onh-plus-kabupaten-mukomuko,https://www.elharamainhaji.com/haji-onh-plus-kabupaten-mukomuko/,"0812-8729-2422, Haji Plus Kabupaten Mukomuko"
1588,publish,2026-07-13T06:01:18,haji-onh-plus-kabupaten-rejang-lebong,https://www.elharamainhaji.com/haji-onh-plus-kabupaten-rejang-lebong/,"0812-8729-2422, Haji Plus Kabupaten Rejang Lebong"
1589,publish,2026-07-14T04:45:00,haji-onh-plus-kabupaten-seluma,https://www.elharamainhaji.com/haji-onh-plus-kabupaten-seluma/,"0812-8729-2422, Haji Plus Kabupaten Seluma"
1590,publish,2026-07-14T04:13:54,haji-onh-plus-kota-bengkulu,https://www.elharamainhaji.com/haji-onh-plus-kota-bengkulu/,"0812-8729-2422, Haji Plus Kota Bengkulu"
1591,publish,2026-07-14T04:23:03,haji-onh-plus-kabupaten-lampung-barat,https://www.elharamainhaji.com/haji-onh-plus-kabupaten-lampung-barat/,"0812-8729-2422, Haji Plus Kabupaten Lampung Barat"
1592,publish,2026-07-15T18:11:57,haji-onh-plus-kabupaten-lampung-selatan,https://www.elharamainhaji.com/haji-onh-plus-kabupaten-lampung-selatan/,"0812-8729-2422, Haji Plus Kabupaten Lampung Selatan"
1593,publish,2026-07-15T23:31:01,haji-onh-plus-kabupaten-lampung-tengah,https://www.elharamainhaji.com/haji-onh-plus-kabupaten-lampung-tengah/,"0812-8729-2422, Haji Plus Kabupaten Lampung Tengah"
1594,publish,2026-07-15T02:35:51,haji-onh-plus-kabupaten-lampung-timur,https://www.elharamainhaji.com/haji-onh-plus-kabupaten-lampung-timur/,"0812-8729-2422, Haji Plus Kabupaten Lampung Timur"
1595,publish,2026-07-16T12:05:53,haji-onh-plus-kabupaten-lampung-utara,https://www.elharamainhaji.com/haji-onh-plus-kabupaten-lampung-utara/,"0812-8729-2422, Haji Plus Kabupaten Lampung Utara"
1596,publish,2026-07-16T11:15:22,haji-onh-plus-kabupaten-mesuji,https://www.elharamainhaji.com/haji-onh-plus-kabupaten-mesuji/,"0812-8729-2422, Haji Plus Kabupaten Mesuji"
1597,publish,2026-07-16T10:04:16,haji-onh-plus-kabupaten-pesawaran,https://www.elharamainhaji.com/haji-onh-plus-kabupaten-pesawaran/,"0812-8729-2422, Haji Plus Kabupaten Pesawaran"
1598,publish,2026-07-17T11:09:21,haji-onh-plus-kabupaten-pesisir-barat,https://www.elharamainhaji.com/haji-onh-plus-kabupaten-pesisir-barat/,"0812-8729-2422, Haji Plus Kabupaten Pesisir Barat"
1599,publish,2026-07-17T07:39:33,haji-onh-plus-kabupaten-pringsewu,https://www.elharamainhaji.com/haji-onh-plus-kabupaten-pringsewu/,"0812-8729-2422, Haji Plus Kabupaten Pringsewu"
1600,publish,2026-07-17T08:40:58,haji-onh-plus-kabupaten-tanggamus,https://www.elharamainhaji.com/haji-onh-plus-kabupaten-tanggamus/,"0812-8729-2422, Haji Plus Kabupaten Tanggamus"
1601,publish,2026-07-18T21:00:02,haji-onh-plus-kabupaten-tulang-bawang,https://www.elharamainhaji.com/haji-onh-plus-kabupaten-tulang-bawang/,"0812-8729-2422, Haji Plus Kabupaten Tulang Bawang"
1602,publish,2026-07-18T02:01:58,haji-onh-plus-kabupaten-tulang-bawang-barat,https://www.elharamainhaji.com/haji-onh-plus-kabupaten-tulang-bawang-barat/,"0812-8729-2422, Haji Plus Kabupaten Tulang Bawang Barat"
1603,publish,2026-07-18T23:03:28,haji-onh-plus-kabupaten-way-kanan,https://www.elharamainhaji.com/haji-onh-plus-kabupaten-way-kanan/,"0812-8729-2422, Haji Plus Kabupaten Way Kanan"
1604,publish,2026-07-19T06:16:26,haji-onh-plus-kota-bandar-lampung,https://www.elharamainhaji.com/haji-onh-plus-kota-bandar-lampung/,"0812-8729-2422, Haji Plus Kota Bandar Lampung"
1605,publish,2026-07-19T17:22:17,haji-onh-plus-kota-metro,https://www.elharamainhaji.com/haji-onh-plus-kota-metro/,"0812-8729-2422, Haji Plus Kota Metro"
1606,publish,2026-07-19T04:09:09,haji-onh-plus-kabupaten-bangka,https://www.elharamainhaji.com/haji-onh-plus-kabupaten-bangka/,"0812-8729-2422, Haji Plus Kabupaten Bangka"
1607,publish,2026-07-20T17:01:19,haji-onh-plus-kabupaten-bangka-barat,https://www.elharamainhaji.com/haji-onh-plus-kabupaten-bangka-barat/,"0812-8729-2422, Haji Plus Kabupaten Bangka Barat"
1608,publish,2026-07-20T00:16:18,haji-onh-plus-kabupaten-bangka-selatan,https://www.elharamainhaji.com/haji-onh-plus-kabupaten-bangka-selatan/,"0812-8729-2422, Haji Plus Kabupaten Bangka Selatan"
1609,publish,2026-07-20T20:43:00,haji-onh-plus-kabupaten-bangka-tengah,https://www.elharamainhaji.com/haji-onh-plus-kabupaten-bangka-tengah/,"0812-8729-2422, Haji Plus Kabupaten Bangka Tengah"
1610,publish,2026-07-21T03:32:42,haji-onh-plus-kabupaten-belitung,https://www.elharamainhaji.com/haji-onh-plus-kabupaten-belitung/,"0812-8729-2422, Haji Plus Kabupaten Belitung"
1611,publish,2026-07-21T06:29:09,haji-onh-plus-kabupaten-belitung-timur,https://www.elharamainhaji.com/haji-onh-plus-kabupaten-belitung-timur/,"0812-8729-2422, Haji Plus Kabupaten Belitung Timur"
1612,publish,2026-07-21T01:00:29,haji-onh-plus-kota-pangkalpinang,https://www.elharamainhaji.com/haji-onh-plus-kota-pangkalpinang/,"0812-8729-2422, Haji Plus Kota Pangkalpinang"
1613,publish,2026-07-22T08:36:49,haji-onh-plus-kabupaten-bintan,https://www.elharamainhaji.com/haji-onh-plus-kabupaten-bintan/,"0812-8729-2422, Haji Plus Kabupaten Bintan"
1614,publish,2026-07-22T08:38:46,haji-onh-plus-kabupaten-karimun,https://www.elharamainhaji.com/haji-onh-plus-kabupaten-karimun/,"0812-8729-2422, Haji Plus Kabupaten Karimun"
1615,publish,2026-07-22T08:40:20,haji-onh-plus-kabupaten-kepulauan-anambas,https://www.elharamainhaji.com/haji-onh-plus-kabupaten-kepulauan-anambas/,"0812-8729-2422, Haji Plus Kabupaten Kepulauan Anambas"
1616,publish,2026-07-23T08:32:57,haji-onh-plus-kabupaten-lingga,https://www.elharamainhaji.com/haji-onh-plus-kabupaten-lingga/,"0812-8729-2422, Haji Plus Kabupaten Lingga"
1617,publish,2026-07-23T04:48:12,haji-onh-plus-kabupaten-natuna,https://www.elharamainhaji.com/haji-onh-plus-kabupaten-natuna/,"0812-8729-2422, Haji Plus Kabupaten Natuna"
1618,publish,2026-07-23T18:28:12,haji-onh-plus-kota-batam,https://www.elharamainhaji.com/haji-onh-plus-kota-batam/,"0812-8729-2422, Haji Plus Kota Batam"
1619,publish,2026-07-24T09:02:34,haji-onh-plus-kota-tanjungpinang,https://www.elharamainhaji.com/haji-onh-plus-kota-tanjungpinang/,"0812-8729-2422, Haji Plus Kota Tanjungpinang"
1620,publish,2026-07-24T11:47:16,haji-onh-plus-kabuapaten-administrasi-kepulauan-seribu,https://www.elharamainhaji.com/haji-onh-plus-kabuapaten-administrasi-kepulauan-seribu/,"0812-8729-2422, Haji Plus Kabuapaten Administrasi Kepulauan Seribu"
1621,publish,2026-07-24T07:31:42,haji-onh-plus-kota-administrasi-jakarta-barat,https://www.elharamainhaji.com/haji-onh-plus-kota-administrasi-jakarta-barat/,"0812-8729-2422, Haji Plus Kota Administrasi Jakarta Barat"
1622,publish,2026-07-25T00:44:34,haji-onh-plus-kota-administrasi-jakarta-pusat,https://www.elharamainhaji.com/haji-onh-plus-kota-administrasi-jakarta-pusat/,"0812-8729-2422, Haji Plus Kota Administrasi Jakarta Pusat"
1623,publish,2026-07-25T22:49:30,haji-onh-plus-kota-administrasi-jakarta-selatan,https://www.elharamainhaji.com/haji-onh-plus-kota-administrasi-jakarta-selatan/,"0812-8729-2422, Haji Plus Kota Administrasi Jakarta Selatan"
1624,publish,2026-07-25T09:25:36,haji-onh-plus-kota-administrasi-jakarta-timur,https://www.elharamainhaji.com/haji-onh-plus-kota-administrasi-jakarta-timur/,"0812-8729-2422, Haji Plus Kota Administrasi Jakarta Timur"
1625,publish,2026-07-26T18:04:28,haji-onh-plus-kota-administrasi-jakarta-utara,https://www.elharamainhaji.com/haji-onh-plus-kota-administrasi-jakarta-utara/,"0812-8729-2422, Haji Plus Kota Administrasi Jakarta Utara"
1626,publish,2026-07-26T15:37:58,haji-onh-plus-kabupaten-bandung,https://www.elharamainhaji.com/haji-onh-plus-kabupaten-bandung/,"0812-8729-2422, Haji Plus Kabupaten Bandung"
1627,publish,2026-07-26T16:56:02,haji-onh-plus-kabupaten-bandung-barat,https://www.elharamainhaji.com/haji-onh-plus-kabupaten-bandung-barat/,"0812-8729-2422, Haji Plus Kabupaten Bandung Barat"
1628,publish,2026-07-27T12:13:57,haji-onh-plus-kabupaten-bekasi,https://www.elharamainhaji.com/haji-onh-plus-kabupaten-bekasi/,"0812-8729-2422, Haji Plus Kabupaten Bekasi"
1629,publish,2026-07-27T10:20:03,haji-onh-plus-kabupaten-bogor,https://www.elharamainhaji.com/haji-onh-plus-kabupaten-bogor/,"0812-8729-2422, Haji Plus Kabupaten Bogor"
1630,publish,2026-07-27T17:02:23,haji-onh-plus-kabupaten-ciamis,https://www.elharamainhaji.com/haji-onh-plus-kabupaten-ciamis/,"0812-8729-2422, Haji Plus Kabupaten Ciamis"
1631,publish,2026-07-28T03:42:11,haji-onh-plus-kabupaten-cianjur,https://www.elharamainhaji.com/haji-onh-plus-kabupaten-cianjur/,"0812-8729-2422, Haji Plus Kabupaten Cianjur"
1632,publish,2026-07-28T03:24:05,haji-onh-plus-kabupaten-cirebon,https://www.elharamainhaji.com/haji-onh-plus-kabupaten-cirebon/,"0812-8729-2422, Haji Plus Kabupaten Cirebon"
1633,publish,2026-07-28T09:35:26,haji-onh-plus-kabupaten-garut,https://www.elharamainhaji.com/haji-onh-plus-kabupaten-garut/,"0812-8729-2422, Haji Plus Kabupaten Garut"
1634,publish,2026-07-29T03:02:05,haji-onh-plus-kabupaten-indramayu,https://www.elharamainhaji.com/haji-onh-plus-kabupaten-indramayu/,"0812-8729-2422, Haji Plus Kabupaten Indramayu"
1635,publish,2026-07-29T18:18:09,haji-onh-plus-kabupaten-karawang,https://www.elharamainhaji.com/haji-onh-plus-kabupaten-karawang/,"0812-8729-2422, Haji Plus Kabupaten Karawang"
1636,publish,2026-07-29T21:06:47,haji-onh-plus-kabupaten-kuningan,https://www.elharamainhaji.com/haji-onh-plus-kabupaten-kuningan/,"0812-8729-2422, Haji Plus Kabupaten Kuningan"
1637,publish,2026-07-30T02:14:33,haji-onh-plus-kabupaten-majalengka,https://www.elharamainhaji.com/haji-onh-plus-kabupaten-majalengka/,"0812-8729-2422, Haji Plus Kabupaten Majalengka"
1638,publish,2026-07-30T23:15:54,haji-onh-plus-kabupaten-pangandaran,https://www.elharamainhaji.com/haji-onh-plus-kabupaten-pangandaran/,"0812-8729-2422, Haji Plus Kabupaten Pangandaran"
1639,publish,2026-07-30T12:47:46,haji-onh-plus-kabupaten-purwakarta,https://www.elharamainhaji.com/haji-onh-plus-kabupaten-purwakarta/,"0812-8729-2422, Haji Plus Kabupaten Purwakarta"
1640,publish,2026-07-31T15:42:14,haji-onh-plus-kabupaten-subang,https://www.elharamainhaji.com/haji-onh-plus-kabupaten-subang/,"0812-8729-2422, Haji Plus Kabupaten Subang"
1641,publish,2026-07-31T14:54:30,haji-onh-plus-kabupaten-sukabumi,https://www.elharamainhaji.com/haji-onh-plus-kabupaten-sukabumi/,"0812-8729-2422, Haji Plus Kabupaten Sukabumi"
1642,publish,2026-07-31T11:58:44,haji-onh-plus-kabupaten-sumedang,https://www.elharamainhaji.com/haji-onh-plus-kabupaten-sumedang/,"0812-8729-2422, Haji Plus Kabupaten Sumedang"
1643,publish,2026-08-01T03:12:23,haji-onh-plus-kabupaten-tasikmalaya,https://www.elharamainhaji.com/haji-onh-plus-kabupaten-tasikmalaya/,"0812-8729-2422, Haji Plus Kabupaten Tasikmalaya"
1644,publish,2026-08-01T11:12:16,haji-onh-plus-kota-bandung,https://www.elharamainhaji.com/haji-onh-plus-kota-bandung/,"0812-8729-2422, Haji Plus Kota Bandung"
1645,publish,2026-08-01T20:01:12,haji-onh-plus-kota-banjar,https://www.elharamainhaji.com/haji-onh-plus-kota-banjar/,"0812-8729-2422, Haji Plus Kota Banjar"
1646,publish,2026-08-02T03:00:17,haji-onh-plus-kota-bekasi,https://www.elharamainhaji.com/haji-onh-plus-kota-bekasi/,"0812-8729-2422, Haji Plus Kota Bekasi"
1647,publish,2026-08-02T16:37:21,haji-onh-plus-kota-bogor,https://www.elharamainhaji.com/haji-onh-plus-kota-bogor/,"0812-8729-2422, Haji Plus Kota Bogor"
1648,publish,2026-08-02T06:04:41,haji-onh-plus-kota-cimahi,https://www.elharamainhaji.com/haji-onh-plus-kota-cimahi/,"0812-8729-2422, Haji Plus Kota Cimahi"
1649,publish,2026-08-03T00:57:30,haji-onh-plus-kota-cirebon,https://www.elharamainhaji.com/haji-onh-plus-kota-cirebon/,"0812-8729-2422, Haji Plus Kota Cirebon"
1650,publish,2026-08-03T18:01:17,haji-onh-plus-kota-depok,https://www.elharamainhaji.com/haji-onh-plus-kota-depok/,"0812-8729-2422, Haji Plus Kota Depok"
1651,publish,2026-08-03T06:21:35,haji-onh-plus-kota-sukabumi,https://www.elharamainhaji.com/haji-onh-plus-kota-sukabumi/,"0812-8729-2422, Haji Plus Kota Sukabumi"
1652,publish,2026-08-04T11:14:25,haji-onh-plus-kota-tasikmalaya,https://www.elharamainhaji.com/haji-onh-plus-kota-tasikmalaya/,"0812-8729-2422, Haji Plus Kota Tasikmalaya"
1653,publish,2026-08-04T14:11:38,haji-onh-plus-kabupaten-banjarnegara,https://www.elharamainhaji.com/haji-onh-plus-kabupaten-banjarnegara/,"0812-8729-2422, Haji Plus Kabupaten Banjarnegara"
1654,publish,2026-08-04T11:14:02,haji-onh-plus-kabupaten-banyumas,https://www.elharamainhaji.com/haji-onh-plus-kabupaten-banyumas/,"0812-8729-2422, Haji Plus Kabupaten Banyumas"
1655,publish,2026-08-05T02:24:15,haji-onh-plus-kabupaten-batang,https://www.elharamainhaji.com/haji-onh-plus-kabupaten-batang/,"0812-8729-2422, Haji Plus Kabupaten Batang"
1656,publish,2026-08-05T21:29:39,haji-onh-plus-kabupaten-blora,https://www.elharamainhaji.com/haji-onh-plus-kabupaten-blora/,"0812-8729-2422, Haji Plus Kabupaten Blora"
1657,publish,2026-08-05T23:48:00,haji-onh-plus-kabupaten-boyolali,https://www.elharamainhaji.com/haji-onh-plus-kabupaten-boyolali/,"0812-8729-2422, Haji Plus Kabupaten Boyolali"
1658,publish,2026-08-06T02:47:29,haji-onh-plus-kabupaten-brebes,https://www.elharamainhaji.com/haji-onh-plus-kabupaten-brebes/,"0812-8729-2422, Haji Plus Kabupaten Brebes"
1659,publish,2026-08-06T18:27:29,haji-onh-plus-kabupaten-cilacap,https://www.elharamainhaji.com/haji-onh-plus-kabupaten-cilacap/,"0812-8729-2422, Haji Plus Kabupaten Cilacap"
1660,publish,2026-08-06T23:43:09,haji-onh-plus-kabupaten-demak,https://www.elharamainhaji.com/haji-onh-plus-kabupaten-demak/,"0812-8729-2422, Haji Plus Kabupaten Demak"
1661,publish,2026-08-07T09:52:48,haji-onh-plus-kabupaten-grobogan,https://www.elharamainhaji.com/haji-onh-plus-kabupaten-grobogan/,"0812-8729-2422, Haji Plus Kabupaten Grobogan"
1662,publish,2026-08-07T09:26:47,haji-onh-plus-kabupaten-jepara,https://www.elharamainhaji.com/haji-onh-plus-kabupaten-jepara/,"0812-8729-2422, Haji Plus Kabupaten Jepara"
1663,publish,2026-08-07T06:55:43,haji-onh-plus-kabupaten-karanganyar,https://www.elharamainhaji.com/haji-onh-plus-kabupaten-karanganyar/,"0812-8729-2422, Haji Plus Kabupaten Karanganyar"
1664,publish,2026-08-08T03:27:38,haji-onh-plus-kabupaten-kebumen,https://www.elharamainhaji.com/haji-onh-plus-kabupaten-kebumen/,"0812-8729-2422, Haji Plus Kabupaten Kebumen"
1665,publish,2026-08-08T20:14:45,haji-onh-plus-kabupaten-kendal,https://www.elharamainhaji.com/haji-onh-plus-kabupaten-kendal/,"0812-8729-2422, Haji Plus Kabupaten Kendal"
1666,publish,2026-08-08T16:27:37,haji-onh-plus-kabupaten-klaten,https://www.elharamainhaji.com/haji-onh-plus-kabupaten-klaten/,"0812-8729-2422, Haji Plus Kabupaten Klaten"
1667,publish,2026-08-09T07:53:03,haji-onh-plus-kabupaten-kudus,https://www.elharamainhaji.com/haji-onh-plus-kabupaten-kudus/,"0812-8729-2422, Haji Plus Kabupaten Kudus"
1668,publish,2026-08-09T06:51:06,haji-onh-plus-kabupaten-magelang,https://www.elharamainhaji.com/haji-onh-plus-kabupaten-magelang/,"0812-8729-2422, Haji Plus Kabupaten Magelang"
1669,publish,2026-08-09T09:20:06,haji-onh-plus-kabupaten-pati,https://www.elharamainhaji.com/haji-onh-plus-kabupaten-pati/,"0812-8729-2422, Haji Plus Kabupaten Pati"
1670,publish,2026-08-10T03:02:09,haji-onh-plus-kabupaten-pekalongan,https://www.elharamainhaji.com/haji-onh-plus-kabupaten-pekalongan/,"0812-8729-2422, Haji Plus Kabupaten Pekalongan"
1671,publish,2026-08-10T00:59:48,haji-onh-plus-kabupaten-pemalang,https://www.elharamainhaji.com/haji-onh-plus-kabupaten-pemalang/,"0812-8729-2422, Haji Plus Kabupaten Pemalang"
1672,publish,2026-08-10T11:07:12,haji-onh-plus-kabupaten-purbalingga,https://www.elharamainhaji.com/haji-onh-plus-kabupaten-purbalingga/,"0812-8729-2422, Haji Plus Kabupaten Purbalingga"
1673,publish,2026-08-11T21:48:19,haji-onh-plus-kabupaten-purworejo,https://www.elharamainhaji.com/haji-onh-plus-kabupaten-purworejo/,"0812-8729-2422, Haji Plus Kabupaten Purworejo"
1674,publish,2026-08-11T22:55:28,haji-onh-plus-kabupaten-rembang,https://www.elharamainhaji.com/haji-onh-plus-kabupaten-rembang/,"0812-8729-2422, Haji Plus Kabupaten Rembang"
1675,publish,2026-08-11T11:25:57,haji-onh-plus-kabupaten-semarang,https://www.elharamainhaji.com/haji-onh-plus-kabupaten-semarang/,"0812-8729-2422, Haji Plus Kabupaten Semarang"
1676,publish,2026-08-12T15:38:23,haji-onh-plus-kabupaten-sragen,https://www.elharamainhaji.com/haji-onh-plus-kabupaten-sragen/,"0812-8729-2422, Haji Plus Kabupaten Sragen"
1677,publish,2026-08-12T16:33:52,haji-onh-plus-kabupaten-sukoharjo,https://www.elharamainhaji.com/haji-onh-plus-kabupaten-sukoharjo/,"0812-8729-2422, Haji Plus Kabupaten Sukoharjo"
1678,publish,2026-08-12T01:25:19,haji-onh-plus-kabupaten-tegal,https://www.elharamainhaji.com/haji-onh-plus-kabupaten-tegal/,"0812-8729-2422, Haji Plus Kabupaten Tegal"
1679,publish,2026-08-13T16:33:26,haji-onh-plus-kabupaten-temanggung,https://www.elharamainhaji.com/haji-onh-plus-kabupaten-temanggung/,"0812-8729-2422, Haji Plus Kabupaten Temanggung"
1680,publish,2026-08-13T05:33:34,haji-onh-plus-kabupaten-wonogiri,https://www.elharamainhaji.com/haji-onh-plus-kabupaten-wonogiri/,"0812-8729-2422, Haji Plus Kabupaten Wonogiri"
1681,publish,2026-08-13T17:22:03,haji-onh-plus-kabupaten-wonosobo,https://www.elharamainhaji.com/haji-onh-plus-kabupaten-wonosobo/,"0812-8729-2422, Haji Plus Kabupaten Wonosobo"
1682,publish,2026-08-14T23:19:09,haji-onh-plus-kota-magelang,https://www.elharamainhaji.com/haji-onh-plus-kota-magelang/,"0812-8729-2422, Haji Plus Kota Magelang"
1683,publish,2026-08-14T07:30:55,haji-onh-plus-kota-pekalongan,https://www.elharamainhaji.com/haji-onh-plus-kota-pekalongan/,"0812-8729-2422, Haji Plus Kota Pekalongan"
1684,publish,2026-08-14T14:15:56,haji-onh-plus-kota-salatiga,https://www.elharamainhaji.com/haji-onh-plus-kota-salatiga/,"0812-8729-2422, Haji Plus Kota Salatiga"
1685,publish,2026-08-15T08:40:26,haji-onh-plus-kota-semarang,https://www.elharamainhaji.com/haji-onh-plus-kota-semarang/,"0812-8729-2422, Haji Plus Kota Semarang"
1686,publish,2026-08-15T22:04:14,haji-onh-plus-kota-surakarta,https://www.elharamainhaji.com/haji-onh-plus-kota-surakarta/,"0812-8729-2422, Haji Plus Kota Surakarta"
1687,publish,2026-08-15T20:00:21,haji-onh-plus-kota-tegal,https://www.elharamainhaji.com/haji-onh-plus-kota-tegal/,"0812-8729-2422, Haji Plus Kota Tegal"
1688,publish,2026-08-16T07:10:18,haji-onh-plus-kabupaten-bantul,https://www.elharamainhaji.com/haji-onh-plus-kabupaten-bantul/,"0812-8729-2422, Haji Plus Kabupaten Bantul"
1689,publish,2026-08-16T06:42:48,haji-onh-plus-kabupaten-gunungkidul,https://www.elharamainhaji.com/haji-onh-plus-kabupaten-gunungkidul/,"0812-8729-2422, Haji Plus Kabupaten Gunungkidul"
1690,publish,2026-08-16T12:21:09,haji-onh-plus-kabupaten-kulon-progo,https://www.elharamainhaji.com/haji-onh-plus-kabupaten-kulon-progo/,"0812-8729-2422, Haji Plus Kabupaten Kulon Progo"
1691,publish,2026-08-17T08:53:35,haji-onh-plus-kabupaten-sleman,https://www.elharamainhaji.com/haji-onh-plus-kabupaten-sleman/,"0812-8729-2422, Haji Plus Kabupaten Sleman"
1692,publish,2026-08-17T17:15:20,haji-onh-plus-kota-yogyakarta,https://www.elharamainhaji.com/haji-onh-plus-kota-yogyakarta/,"0812-8729-2422, Haji Plus Kota Yogyakarta"
1693,publish,2026-08-17T00:38:02,haji-onh-plus-kabupaten-bangkalan,https://www.elharamainhaji.com/haji-onh-plus-kabupaten-bangkalan/,"0812-8729-2422, Haji Plus Kabupaten Bangkalan"
1694,publish,2026-08-18T14:41:34,haji-onh-plus-kabupaten-banyuwangi,https://www.elharamainhaji.com/haji-onh-plus-kabupaten-banyuwangi/,"0812-8729-2422, Haji Plus Kabupaten Banyuwangi"
1695,publish,2026-08-18T01:49:03,haji-onh-plus-kabupaten-blitar,https://www.elharamainhaji.com/haji-onh-plus-kabupaten-blitar/,"0812-8729-2422, Haji Plus Kabupaten Blitar"
1696,publish,2026-08-18T21:29:54,haji-onh-plus-kabupaten-bojonegoro,https://www.elharamainhaji.com/haji-onh-plus-kabupaten-bojonegoro/,"0812-8729-2422, Haji Plus Kabupaten Bojonegoro"
1697,publish,2026-08-19T14:54:17,haji-onh-plus-kabupaten-bondowoso,https://www.elharamainhaji.com/haji-onh-plus-kabupaten-bondowoso/,"0812-8729-2422, Haji Plus Kabupaten Bondowoso"
1698,publish,2026-08-19T13:59:15,haji-onh-plus-kabupaten-gresik,https://www.elharamainhaji.com/haji-onh-plus-kabupaten-gresik/,"0812-8729-2422, Haji Plus Kabupaten Gresik"
1699,publish,2026-08-19T23:00:28,haji-onh-plus-kabupaten-jember,https://www.elharamainhaji.com/haji-onh-plus-kabupaten-jember/,"0812-8729-2422, Haji Plus Kabupaten Jember"
1700,publish,2026-08-20T09:41:47,haji-onh-plus-kabupaten-jombang,https://www.elharamainhaji.com/haji-onh-plus-kabupaten-jombang/,"0812-8729-2422, Haji Plus Kabupaten Jombang"
1701,publish,2026-08-20T13:32:47,haji-onh-plus-kabupaten-kediri,https://www.elharamainhaji.com/haji-onh-plus-kabupaten-kediri/,"0812-8729-2422, Haji Plus Kabupaten Kediri"
1702,publish,2026-08-20T17:25:22,haji-onh-plus-kabupaten-lamongan,https://www.elharamainhaji.com/haji-onh-plus-kabupaten-lamongan/,"0812-8729-2422, Haji Plus Kabupaten Lamongan"
1703,publish,2026-08-21T02:39:37,haji-onh-plus-kabupaten-lumajang,https://www.elharamainhaji.com/haji-onh-plus-kabupaten-lumajang/,"0812-8729-2422, Haji Plus Kabupaten Lumajang"
1704,publish,2026-08-21T07:21:57,haji-onh-plus-kabupaten-madiun,https://www.elharamainhaji.com/haji-onh-plus-kabupaten-madiun/,"0812-8729-2422, Haji Plus Kabupaten Madiun"
1705,publish,2026-08-21T09:49:45,haji-onh-plus-kabupaten-magetan,https://www.elharamainhaji.com/haji-onh-plus-kabupaten-magetan/,"0812-8729-2422, Haji Plus Kabupaten Magetan"
1706,publish,2026-08-22T09:05:10,haji-onh-plus-kabupaten-malang,https://www.elharamainhaji.com/haji-onh-plus-kabupaten-malang/,"0812-8729-2422, Haji Plus Kabupaten Malang"
1707,publish,2026-08-22T12:43:50,haji-onh-plus-kabupaten-mojokerto,https://www.elharamainhaji.com/haji-onh-plus-kabupaten-mojokerto/,"0812-8729-2422, Haji Plus Kabupaten Mojokerto"
1708,publish,2026-08-22T22:50:40,haji-onh-plus-kabupaten-nganjuk,https://www.elharamainhaji.com/haji-onh-plus-kabupaten-nganjuk/,"0812-8729-2422, Haji Plus Kabupaten Nganjuk"
1709,publish,2026-08-23T18:20:49,haji-onh-plus-kabupaten-ngawi,https://www.elharamainhaji.com/haji-onh-plus-kabupaten-ngawi/,"0812-8729-2422, Haji Plus Kabupaten Ngawi"
1710,publish,2026-08-23T00:26:21,haji-onh-plus-kabupaten-pacitan,https://www.elharamainhaji.com/haji-onh-plus-kabupaten-pacitan/,"0812-8729-2422, Haji Plus Kabupaten Pacitan"
1711,publish,2026-08-23T12:52:07,haji-onh-plus-kabupaten-pamekasan,https://www.elharamainhaji.com/haji-onh-plus-kabupaten-pamekasan/,"0812-8729-2422, Haji Plus Kabupaten Pamekasan"
1712,publish,2026-08-24T20:02:54,haji-onh-plus-kabupaten-pasuruan,https://www.elharamainhaji.com/haji-onh-plus-kabupaten-pasuruan/,"0812-8729-2422, Haji Plus Kabupaten Pasuruan"
1713,publish,2026-08-24T08:05:33,haji-onh-plus-kabupaten-ponorogo,https://www.elharamainhaji.com/haji-onh-plus-kabupaten-ponorogo/,"0812-8729-2422, Haji Plus Kabupaten Ponorogo"
1714,publish,2026-08-24T07:17:38,haji-onh-plus-kabupaten-probolinggo,https://www.elharamainhaji.com/haji-onh-plus-kabupaten-probolinggo/,"0812-8729-2422, Haji Plus Kabupaten Probolinggo"
1715,publish,2026-08-25T18:41:12,haji-onh-plus-kabupaten-sampang,https://www.elharamainhaji.com/haji-onh-plus-kabupaten-sampang/,"0812-8729-2422, Haji Plus Kabupaten Sampang"
1716,publish,2026-08-25T17:55:39,haji-onh-plus-kabupaten-sidoarjo,https://www.elharamainhaji.com/haji-onh-plus-kabupaten-sidoarjo/,"0812-8729-2422, Haji Plus Kabupaten Sidoarjo"
1717,publish,2026-08-25T05:55:26,haji-onh-plus-kabupaten-situbondo,https://www.elharamainhaji.com/haji-onh-plus-kabupaten-situbondo/,"0812-8729-2422, Haji Plus Kabupaten Situbondo"
1718,publish,2026-08-26T03:51:00,haji-onh-plus-kabupaten-sumenep,https://www.elharamainhaji.com/haji-onh-plus-kabupaten-sumenep/,"0812-8729-2422, Haji Plus Kabupaten Sumenep"
1719,publish,2026-08-26T12:51:33,haji-onh-plus-kabupaten-trenggalek,https://www.elharamainhaji.com/haji-onh-plus-kabupaten-trenggalek/,"0812-8729-2422, Haji Plus Kabupaten Trenggalek"
1720,publish,2026-08-26T08:15:58,haji-onh-plus-kabupaten-tuban,https://www.elharamainhaji.com/haji-onh-plus-kabupaten-tuban/,"0812-8729-2422, Haji Plus Kabupaten Tuban"
1721,publish,2026-08-27T01:02:23,haji-onh-plus-kabupaten-tulungagung,https://www.elharamainhaji.com/haji-onh-plus-kabupaten-tulungagung/,"0812-8729-2422, Haji Plus Kabupaten Tulungagung"
1722,publish,2026-08-27T08:43:45,haji-onh-plus-kota-batu,https://www.elharamainhaji.com/haji-onh-plus-kota-batu/,"0812-8729-2422, Haji Plus Kota Batu"
1723,publish,2026-08-27T14:47:12,haji-onh-plus-kota-blitar,https://www.elharamainhaji.com/haji-onh-plus-kota-blitar/,"0812-8729-2422, Haji Plus Kota Blitar"
1724,publish,2026-08-28T11:20:38,haji-onh-plus-kota-kediri,https://www.elharamainhaji.com/haji-onh-plus-kota-kediri/,"0812-8729-2422, Haji Plus Kota Kediri"
1725,publish,2026-08-28T10:27:23,haji-onh-plus-kota-madiun,https://www.elharamainhaji.com/haji-onh-plus-kota-madiun/,"0812-8729-2422, Haji Plus Kota Madiun"
1726,publish,2026-08-28T23:59:39,haji-onh-plus-kota-malang,https://www.elharamainhaji.com/haji-onh-plus-kota-malang/,"0812-8729-2422, Haji Plus Kota Malang"
1727,publish,2026-08-29T18:21:42,haji-onh-plus-kota-mojokerto,https://www.elharamainhaji.com/haji-onh-plus-kota-mojokerto/,"0812-8729-2422, Haji Plus Kota Mojokerto"
1728,publish,2026-08-29T02:39:06,haji-onh-plus-kota-pasuruan,https://www.elharamainhaji.com/haji-onh-plus-kota-pasuruan/,"0812-8729-2422, Haji Plus Kota Pasuruan"
1729,publish,2026-08-29T20:25:25,haji-onh-plus-kota-probolinggo,https://www.elharamainhaji.com/haji-onh-plus-kota-probolinggo/,"0812-8729-2422, Haji Plus Kota Probolinggo"
1730,publish,2026-08-30T03:42:20,haji-onh-plus-kota-surabaya,https://www.elharamainhaji.com/haji-onh-plus-kota-surabaya/,"0812-8729-2422, Haji Plus Kota Surabaya"
1731,publish,2026-08-30T23:16:13,haji-onh-plus-kabupaten-lebak,https://www.elharamainhaji.com/haji-onh-plus-kabupaten-lebak/,"0812-8729-2422, Haji Plus Kabupaten Lebak"
1732,publish,2026-08-30T22:54:32,haji-onh-plus-kabupaten-pandeglang,https://www.elharamainhaji.com/haji-onh-plus-kabupaten-pandeglang/,"0812-8729-2422, Haji Plus Kabupaten Pandeglang"
1733,publish,2026-08-31T06:45:38,haji-onh-plus-kabupaten-serang,https://www.elharamainhaji.com/haji-onh-plus-kabupaten-serang/,"0812-8729-2422, Haji Plus Kabupaten Serang"
1734,publish,2026-08-31T23:00:58,haji-onh-plus-kabupaten-tangerang,https://www.elharamainhaji.com/haji-onh-plus-kabupaten-tangerang/,"0812-8729-2422, Haji Plus Kabupaten Tangerang"
1735,publish,2026-08-31T15:17:33,haji-onh-plus-kota-cilegon,https://www.elharamainhaji.com/haji-onh-plus-kota-cilegon/,"0812-8729-2422, Haji Plus Kota Cilegon"
1736,publish,2026-09-01T11:31:20,haji-onh-plus-kota-serang,https://www.elharamainhaji.com/haji-onh-plus-kota-serang/,"0812-8729-2422, Haji Plus Kota Serang"
1737,publish,2026-09-01T11:08:15,haji-onh-plus-kota-tangerang,https://www.elharamainhaji.com/haji-onh-plus-kota-tangerang/,"0812-8729-2422, Haji Plus Kota Tangerang"
1738,publish,2026-09-01T01:11:58,haji-onh-plus-kota-tangerang-selatan,https://www.elharamainhaji.com/haji-onh-plus-kota-tangerang-selatan/,"0812-8729-2422, Haji Plus Kota Tangerang Selatan"
1739,publish,2026-09-02T08:30:54,haji-onh-plus-kabupaten-badung,https://www.elharamainhaji.com/haji-onh-plus-kabupaten-badung/,"0812-8729-2422, Haji Plus Kabupaten Badung"
1740,publish,2026-09-02T21:29:16,haji-onh-plus-kabupaten-bangli,https://www.elharamainhaji.com/haji-onh-plus-kabupaten-bangli/,"0812-8729-2422, Haji Plus Kabupaten Bangli"
1741,publish,2026-09-02T16:11:52,haji-onh-plus-kabupaten-buleleng,https://www.elharamainhaji.com/haji-onh-plus-kabupaten-buleleng/,"0812-8729-2422, Haji Plus Kabupaten Buleleng"
1742,publish,2026-09-03T19:16:37,haji-onh-plus-kabupaten-gianyar,https://www.elharamainhaji.com/haji-onh-plus-kabupaten-gianyar/,"0812-8729-2422, Haji Plus Kabupaten Gianyar"
1743,publish,2026-09-03T00:26:45,haji-onh-plus-kabupaten-jembrana,https://www.elharamainhaji.com/haji-onh-plus-kabupaten-jembrana/,"0812-8729-2422, Haji Plus Kabupaten Jembrana"
1744,publish,2026-09-03T09:51:25,haji-onh-plus-kabupaten-karangasem,https://www.elharamainhaji.com/haji-onh-plus-kabupaten-karangasem/,"0812-8729-2422, Haji Plus Kabupaten Karangasem"
1745,publish,2026-09-04T01:26:24,haji-onh-plus-kabupaten-klungkung,https://www.elharamainhaji.com/haji-onh-plus-kabupaten-klungkung/,"0812-8729-2422, Haji Plus Kabupaten Klungkung"
1746,publish,2026-09-04T13:23:47,haji-onh-plus-kabupaten-tabanan,https://www.elharamainhaji.com/haji-onh-plus-kabupaten-tabanan/,"0812-8729-2422, Haji Plus Kabupaten Tabanan"
1747,publish,2026-09-04T02:22:24,haji-onh-plus-kota-denpasar,https://www.elharamainhaji.com/haji-onh-plus-kota-denpasar/,"0812-8729-2422, Haji Plus Kota Denpasar"
1748,publish,2026-09-05T15:32:22,haji-onh-plus-kabupaten-bima,https://www.elharamainhaji.com/haji-onh-plus-kabupaten-bima/,"0812-8729-2422, Haji Plus Kabupaten Bima"
1749,publish,2026-09-05T11:01:23,haji-onh-plus-kabupaten-dompu,https://www.elharamainhaji.com/haji-onh-plus-kabupaten-dompu/,"0812-8729-2422, Haji Plus Kabupaten Dompu"
1750,publish,2026-09-05T14:46:39,haji-onh-plus-kabupaten-lombok-barat,https://www.elharamainhaji.com/haji-onh-plus-kabupaten-lombok-barat/,"0812-8729-2422, Haji Plus Kabupaten Lombok Barat"
1751,publish,2026-09-06T06:21:03,haji-onh-plus-kabupaten-lombok-tengah,https://www.elharamainhaji.com/haji-onh-plus-kabupaten-lombok-tengah/,"0812-8729-2422, Haji Plus Kabupaten Lombok Tengah"
1752,publish,2026-09-06T07:25:04,haji-onh-plus-kabupaten-lombok-timur,https://www.elharamainhaji.com/haji-onh-plus-kabupaten-lombok-timur/,"0812-8729-2422, Haji Plus Kabupaten Lombok Timur"
1753,publish,2026-09-06T05:57:32,haji-onh-plus-kabupaten-lombok-utara,https://www.elharamainhaji.com/haji-onh-plus-kabupaten-lombok-utara/,"0812-8729-2422, Haji Plus Kabupaten Lombok Utara"
1754,publish,2026-09-07T19:28:23,haji-onh-plus-kabupaten-sumbawa,https://www.elharamainhaji.com/haji-onh-plus-kabupaten-sumbawa/,"0812-8729-2422, Haji Plus Kabupaten Sumbawa"
1755,publish,2026-09-07T10:14:49,haji-onh-plus-kabupaten-sumbawa-barat,https://www.elharamainhaji.com/haji-onh-plus-kabupaten-sumbawa-barat/,"0812-8729-2422, Haji Plus Kabupaten Sumbawa Barat"
1756,publish,2026-09-07T01:33:20,haji-onh-plus-kota-bima,https://www.elharamainhaji.com/haji-onh-plus-kota-bima/,"0812-8729-2422, Haji Plus Kota Bima"
1757,publish,2026-09-08T05:53:51,haji-onh-plus-kota-mataram,https://www.elharamainhaji.com/haji-onh-plus-kota-mataram/,"0812-8729-2422, Haji Plus Kota Mataram"
1759,publish,2026-09-08T12:20:44,haji-onh-plus-kabupaten-belu,https://www.elharamainhaji.com/haji-onh-plus-kabupaten-belu/,"0812-8729-2422, Haji Plus Kabupaten Belu"
1760,publish,2026-09-09T02:13:34,haji-onh-plus-kabupaten-ende,https://www.elharamainhaji.com/haji-onh-plus-kabupaten-ende/,"0812-8729-2422, Haji Plus Kabupaten Ende"
1761,publish,2026-09-09T12:57:42,haji-onh-plus-kabupaten-flores-timur,https://www.elharamainhaji.com/haji-onh-plus-kabupaten-flores-timur/,"0812-8729-2422, Haji Plus Kabupaten Flores Timur"
1762,publish,2026-09-09T16:38:24,haji-onh-plus-kabupaten-kupang,https://www.elharamainhaji.com/haji-onh-plus-kabupaten-kupang/,"0812-8729-2422, Haji Plus Kabupaten Kupang"
1763,publish,2026-09-10T10:52:44,haji-onh-plus-kabupaten-lembata,https://www.elharamainhaji.com/haji-onh-plus-kabupaten-lembata/,"0812-8729-2422, Haji Plus Kabupaten Lembata"
1764,publish,2026-09-10T09:58:46,haji-onh-plus-kabupaten-malaka,https://www.elharamainhaji.com/haji-onh-plus-kabupaten-malaka/,"0812-8729-2422, Haji Plus Kabupaten Malaka"
1765,publish,2026-09-10T01:16:40,haji-onh-plus-kabupaten-manggarai,https://www.elharamainhaji.com/haji-onh-plus-kabupaten-manggarai/,"0812-8729-2422, Haji Plus Kabupaten Manggarai"
1766,publish,2026-09-11T22:20:01,haji-onh-plus-kabupaten-manggarai-barat,https://www.elharamainhaji.com/haji-onh-plus-kabupaten-manggarai-barat/,"0812-8729-2422, Haji Plus Kabupaten Manggarai Barat"
1767,publish,2026-09-11T16:48:26,haji-onh-plus-kabupaten-manggarai-timur,https://www.elharamainhaji.com/haji-onh-plus-kabupaten-manggarai-timur/,"0812-8729-2422, Haji Plus Kabupaten Manggarai Timur"
1768,publish,2026-09-11T13:36:51,haji-onh-plus-kabupaten-nagekeo,https://www.elharamainhaji.com/haji-onh-plus-kabupaten-nagekeo/,"0812-8729-2422, Haji Plus Kabupaten Nagekeo"
1769,publish,2026-09-12T11:23:00,haji-onh-plus-kabupaten-ngada,https://www.elharamainhaji.com/haji-onh-plus-kabupaten-ngada/,"0812-8729-2422, Haji Plus Kabupaten Ngada"
1770,publish,2026-09-12T00:39:20,haji-onh-plus-kabupaten-rote-ndao,https://www.elharamainhaji.com/haji-onh-plus-kabupaten-rote-ndao/,"0812-8729-2422, Haji Plus Kabupaten Rote Ndao"
1771,publish,2026-09-12T08:24:03,haji-onh-plus-kabupaten-sabu-raijua,https://www.elharamainhaji.com/haji-onh-plus-kabupaten-sabu-raijua/,"0812-8729-2422, Haji Plus Kabupaten Sabu Raijua"
1772,publish,2026-09-13T12:46:02,haji-onh-plus-kabupaten-sikka,https://www.elharamainhaji.com/haji-onh-plus-kabupaten-sikka/,"0812-8729-2422, Haji Plus Kabupaten Sikka"
1773,publish,2026-09-13T21:14:01,haji-onh-plus-kabupaten-sumba-barat,https://www.elharamainhaji.com/haji-onh-plus-kabupaten-sumba-barat/,"0812-8729-2422, Haji Plus Kabupaten Sumba Barat"
1774,publish,2026-09-13T09:55:03,haji-onh-plus-kabupaten-sumba-barat-daya,https://www.elharamainhaji.com/haji-onh-plus-kabupaten-sumba-barat-daya/,"0812-8729-2422, Haji Plus Kabupaten Sumba Barat Daya"
1775,publish,2026-09-14T12:44:52,haji-onh-plus-kabupaten-sumba-tengah,https://www.elharamainhaji.com/haji-onh-plus-kabupaten-sumba-tengah/,"0812-8729-2422, Haji Plus Kabupaten Sumba Tengah"
1776,publish,2026-09-14T10:57:13,haji-onh-plus-kabupaten-sumba-timur,https://www.elharamainhaji.com/haji-onh-plus-kabupaten-sumba-timur/,"0812-8729-2422, Haji Plus Kabupaten Sumba Timur"
1777,publish,2026-09-14T02:10:02,haji-onh-plus-kabupaten-timor-tengah-selatan,https://www.elharamainhaji.com/haji-onh-plus-kabupaten-timor-tengah-selatan/,"0812-8729-2422, Haji Plus Kabupaten Timor Tengah Selatan"
1778,publish,2026-09-15T19:10:31,haji-onh-plus-kabupaten-timor-tengah-utara,https://www.elharamainhaji.com/haji-onh-plus-kabupaten-timor-tengah-utara/,"0812-8729-2422, Haji Plus Kabupaten Timor Tengah Utara"
1779,publish,2026-09-15T14:53:27,haji-onh-plus-kota-kupang,https://www.elharamainhaji.com/haji-onh-plus-kota-kupang/,"0812-8729-2422, Haji Plus Kota Kupang"
1780,publish,2026-09-15T00:19:50,haji-onh-plus-kabupaten-bengkayang,https://www.elharamainhaji.com/haji-onh-plus-kabupaten-bengkayang/,"0812-8729-2422, Haji Plus Kabupaten Bengkayang"
1781,publish,2026-09-16T12:36:35,haji-onh-plus-kabupaten-kapuas-hulu,https://www.elharamainhaji.com/haji-onh-plus-kabupaten-kapuas-hulu/,"0812-8729-2422, Haji Plus Kabupaten Kapuas Hulu"
1782,publish,2026-09-16T08:43:21,haji-onh-plus-kabupaten-kayong-utara,https://www.elharamainhaji.com/haji-onh-plus-kabupaten-kayong-utara/,"0812-8729-2422, Haji Plus Kabupaten Kayong Utara"
1783,publish,2026-09-16T17:03:44,haji-onh-plus-kabupaten-ketapang,https://www.elharamainhaji.com/haji-onh-plus-kabupaten-ketapang/,"0812-8729-2422, Haji Plus Kabupaten Ketapang"
1784,publish,2026-09-17T12:36:12,haji-onh-plus-kabupaten-kubu-raya,https://www.elharamainhaji.com/haji-onh-plus-kabupaten-kubu-raya/,"0812-8729-2422, Haji Plus Kabupaten Kubu Raya"
1785,publish,2026-09-17T15:29:48,haji-onh-plus-kabupaten-landak,https://www.elharamainhaji.com/haji-onh-plus-kabupaten-landak/,"0812-8729-2422, Haji Plus Kabupaten Landak"
1786,publish,2026-09-17T09:01:16,haji-onh-plus-kabupaten-melawi,https://www.elharamainhaji.com/haji-onh-plus-kabupaten-melawi/,"0812-8729-2422, Haji Plus Kabupaten Melawi"
1787,publish,2026-09-18T12:58:32,haji-onh-plus-kabupaten-mempawah,https://www.elharamainhaji.com/haji-onh-plus-kabupaten-mempawah/,"0812-8729-2422, Haji Plus Kabupaten Mempawah"
1788,publish,2026-09-18T16:27:57,haji-onh-plus-kabupaten-sambas,https://www.elharamainhaji.com/haji-onh-plus-kabupaten-sambas/,"0812-8729-2422, Haji Plus Kabupaten Sambas"
1789,publish,2026-09-18T18:34:01,haji-onh-plus-kabupaten-sanggau,https://www.elharamainhaji.com/haji-onh-plus-kabupaten-sanggau/,"0812-8729-2422, Haji Plus Kabupaten Sanggau"
1790,publish,2026-09-19T06:09:47,haji-onh-plus-kabupaten-sekadau,https://www.elharamainhaji.com/haji-onh-plus-kabupaten-sekadau/,"0812-8729-2422, Haji Plus Kabupaten Sekadau"
1791,publish,2026-09-19T13:45:38,haji-onh-plus-kabupaten-sintang,https://www.elharamainhaji.com/haji-onh-plus-kabupaten-sintang/,"0812-8729-2422, Haji Plus Kabupaten Sintang"
1792,publish,2026-09-19T14:18:06,haji-onh-plus-kota-pontianak,https://www.elharamainhaji.com/haji-onh-plus-kota-pontianak/,"0812-8729-2422, Haji Plus Kota Pontianak"
1793,publish,2026-09-20T20:22:31,haji-onh-plus-kota-singkawang,https://www.elharamainhaji.com/haji-onh-plus-kota-singkawang/,"0812-8729-2422, Haji Plus Kota Singkawang"
1794,publish,2026-09-20T16:58:57,haji-onh-plus-kabupaten-barito-selatan,https://www.elharamainhaji.com/haji-onh-plus-kabupaten-barito-selatan/,"0812-8729-2422, Haji Plus Kabupaten Barito Selatan"
1795,publish,2026-09-20T15:17:50,haji-onh-plus-kabupaten-barito-timur,https://www.elharamainhaji.com/haji-onh-plus-kabupaten-barito-timur/,"0812-8729-2422, Haji Plus Kabupaten Barito Timur"
1796,publish,2026-09-21T08:20:36,haji-onh-plus-kabupaten-barito-utara,https://www.elharamainhaji.com/haji-onh-plus-kabupaten-barito-utara/,"0812-8729-2422, Haji Plus Kabupaten Barito Utara"
1797,publish,2026-09-21T05:38:06,haji-onh-plus-kabupaten-gunung-mas,https://www.elharamainhaji.com/haji-onh-plus-kabupaten-gunung-mas/,"0812-8729-2422, Haji Plus Kabupaten Gunung Mas"
1798,publish,2026-09-21T23:41:59,haji-onh-plus-kabupaten-kapuas,https://www.elharamainhaji.com/haji-onh-plus-kabupaten-kapuas/,"0812-8729-2422, Haji Plus Kabupaten Kapuas"
1799,publish,2026-09-22T10:38:16,haji-onh-plus-kabupaten-katingan,https://www.elharamainhaji.com/haji-onh-plus-kabupaten-katingan/,"0812-8729-2422, Haji Plus Kabupaten Katingan"
1800,publish,2026-09-22T02:07:08,haji-onh-plus-kabupaten-kotawaringin-barat,https://www.elharamainhaji.com/haji-onh-plus-kabupaten-kotawaringin-barat/,"0812-8729-2422, Haji Plus Kabupaten Kotawaringin Barat"
1801,publish,2026-09-22T23:44:39,haji-onh-plus-kabupaten-kotawaringin-timur,https://www.elharamainhaji.com/haji-onh-plus-kabupaten-kotawaringin-timur/,"0812-8729-2422, Haji Plus Kabupaten Kotawaringin Timur"
1802,publish,2026-09-23T01:35:29,haji-onh-plus-kabupaten-lamandau,https://www.elharamainhaji.com/haji-onh-plus-kabupaten-lamandau/,"0812-8729-2422, Haji Plus Kabupaten Lamandau"
1803,publish,2026-09-23T21:59:57,haji-onh-plus-kabupaten-murung-raya,https://www.elharamainhaji.com/haji-onh-plus-kabupaten-murung-raya/,"0812-8729-2422, Haji Plus Kabupaten Murung Raya"
1804,publish,2026-09-23T14:34:40,haji-onh-plus-kabupaten-pulang-pisau,https://www.elharamainhaji.com/haji-onh-plus-kabupaten-pulang-pisau/,"0812-8729-2422, Haji Plus Kabupaten Pulang Pisau"
1805,publish,2026-09-24T17:03:52,haji-onh-plus-kabupaten-sukamara,https://www.elharamainhaji.com/haji-onh-plus-kabupaten-sukamara/,"0812-8729-2422, Haji Plus Kabupaten Sukamara"
1806,publish,2026-09-24T19:39:25,haji-onh-plus-kabupaten-seruyan,https://www.elharamainhaji.com/haji-onh-plus-kabupaten-seruyan/,"0812-8729-2422, Haji Plus Kabupaten Seruyan"
1807,publish,2026-09-24T09:38:14,haji-onh-plus-kota-palangka-raya,https://www.elharamainhaji.com/haji-onh-plus-kota-palangka-raya/,"0812-8729-2422, Haji Plus Kota Palangka Raya"
1808,publish,2026-09-25T13:49:20,haji-onh-plus-kabupaten-balangan,https://www.elharamainhaji.com/haji-onh-plus-kabupaten-balangan/,"0812-8729-2422, Haji Plus Kabupaten Balangan"
1809,publish,2026-09-25T07:20:55,haji-onh-plus-kabupaten-banjar,https://www.elharamainhaji.com/haji-onh-plus-kabupaten-banjar/,"0812-8729-2422, Haji Plus Kabupaten Banjar"
1810,publish,2026-09-25T00:46:41,haji-onh-plus-kabupaten-barito-kuala,https://www.elharamainhaji.com/haji-onh-plus-kabupaten-barito-kuala/,"0812-8729-2422, Haji Plus Kabupaten Barito Kuala"
1811,publish,2026-09-26T14:29:58,haji-onh-plus-kabupaten-hulu-sungai-selatan,https://www.elharamainhaji.com/haji-onh-plus-kabupaten-hulu-sungai-selatan/,"0812-8729-2422, Haji Plus Kabupaten Hulu Sungai Selatan"
1812,publish,2026-09-26T06:35:51,haji-onh-plus-kabupaten-hulu-sungai-tengah,https://www.elharamainhaji.com/haji-onh-plus-kabupaten-hulu-sungai-tengah/,"0812-8729-2422, Haji Plus Kabupaten Hulu Sungai Tengah"
1813,publish,2026-09-26T06:09:32,haji-onh-plus-kabupaten-hulu-sungai-utara,https://www.elharamainhaji.com/haji-onh-plus-kabupaten-hulu-sungai-utara/,"0812-8729-2422, Haji Plus Kabupaten Hulu Sungai Utara"
1814,publish,2026-09-27T16:24:01,haji-onh-plus-kabupaten-kotabaru,https://www.elharamainhaji.com/haji-onh-plus-kabupaten-kotabaru/,"0812-8729-2422, Haji Plus Kabupaten Kotabaru"
1815,publish,2026-09-27T06:50:35,haji-onh-plus-kabupaten-tabalong,https://www.elharamainhaji.com/haji-onh-plus-kabupaten-tabalong/,"0812-8729-2422, Haji Plus Kabupaten Tabalong"
1816,publish,2026-09-27T00:41:49,haji-onh-plus-kabupaten-tanah-bumbu,https://www.elharamainhaji.com/haji-onh-plus-kabupaten-tanah-bumbu/,"0812-8729-2422, Haji Plus Kabupaten Tanah Bumbu"
1817,publish,2026-09-28T08:40:46,haji-onh-plus-kabupaten-tanah-laut,https://www.elharamainhaji.com/haji-onh-plus-kabupaten-tanah-laut/,"0812-8729-2422, Haji Plus Kabupaten Tanah Laut"
1818,publish,2026-09-28T02:57:39,haji-onh-plus-kabupaten-tapin,https://www.elharamainhaji.com/haji-onh-plus-kabupaten-tapin/,"0812-8729-2422, Haji Plus Kabupaten Tapin"
1819,publish,2026-09-28T15:04:24,haji-onh-plus-kota-banjarbaru,https://www.elharamainhaji.com/haji-onh-plus-kota-banjarbaru/,"0812-8729-2422, Haji Plus Kota Banjarbaru"
1820,publish,2026-09-29T04:04:04,haji-onh-plus-kota-banjarmasin,https://www.elharamainhaji.com/haji-onh-plus-kota-banjarmasin/,"0812-8729-2422, Haji Plus Kota Banjarmasin"
1821,publish,2026-09-29T13:15:02,haji-onh-plus-kabupaten-berau,https://www.elharamainhaji.com/haji-onh-plus-kabupaten-berau/,"0812-8729-2422, Haji Plus Kabupaten Berau"
1822,publish,2026-09-29T14:01:29,haji-onh-plus-kabupaten-kutai-barat,https://www.elharamainhaji.com/haji-onh-plus-kabupaten-kutai-barat/,"0812-8729-2422, Haji Plus Kabupaten Kutai Barat"
1823,publish,2026-09-30T00:51:45,haji-onh-plus-kabupaten-kutai-kartanegara,https://www.elharamainhaji.com/haji-onh-plus-kabupaten-kutai-kartanegara/,"0812-8729-2422, Haji Plus Kabupaten Kutai Kartanegara"
1824,future,2026-09-30T15:07:29,haji-onh-plus-kabupaten-kutai-timur,https://www.elharamainhaji.com/?p=1824,"0812-8729-2422, Haji Plus Kabupaten Kutai Timur"
1825,future,2026-09-30T12:46:19,haji-onh-plus-kabupaten-mahakam-ulu,https://www.elharamainhaji.com/?p=1825,"0812-8729-2422, Haji Plus Kabupaten Mahakam Ulu"
1826,future,2026-10-01T15:56:27,haji-onh-plus-kabupaten-paser,https://www.elharamainhaji.com/?p=1826,"0812-8729-2422, Haji Plus Kabupaten Paser"
1827,future,2026-10-01T20:21:54,haji-onh-plus-kabupaten-penajam-paser-utara,https://www.elharamainhaji.com/?p=1827,"0812-8729-2422, Haji Plus Kabupaten Penajam Paser Utara"
1828,future,2026-10-01T07:54:00,haji-onh-plus-kota-balikpapan,https://www.elharamainhaji.com/?p=1828,"0812-8729-2422, Haji Plus Kota Balikpapan"
1829,future,2026-10-02T10:12:24,haji-onh-plus-kota-bontang,https://www.elharamainhaji.com/?p=1829,"0812-8729-2422, Haji Plus Kota Bontang"
1830,future,2026-10-02T11:46:44,haji-onh-plus-kota-samarinda,https://www.elharamainhaji.com/?p=1830,"0812-8729-2422, Haji Plus Kota Samarinda"
1831,future,2026-10-02T10:38:37,haji-onh-plus-kabupaten-bulungan,https://www.elharamainhaji.com/?p=1831,"0812-8729-2422, Haji Plus Kabupaten Bulungan"
1832,future,2026-10-03T00:23:17,haji-onh-plus-kabupaten-malinau,https://www.elharamainhaji.com/?p=1832,"0812-8729-2422, Haji Plus Kabupaten Malinau"
1833,future,2026-10-03T00:21:08,haji-onh-plus-kabupaten-nunukan,https://www.elharamainhaji.com/?p=1833,"0812-8729-2422, Haji Plus Kabupaten Nunukan"
1834,future,2026-10-03T00:21:21,haji-onh-plus-kabupaten-tana-tidung,https://www.elharamainhaji.com/?p=1834,"0812-8729-2422, Haji Plus Kabupaten Tana Tidung"
1835,future,2026-10-04T18:16:09,haji-onh-plus-kota-tarakan,https://www.elharamainhaji.com/?p=1835,"0812-8729-2422, Haji Plus Kota Tarakan"
1836,future,2026-10-04T23:46:44,haji-onh-plus-kabupaten-bolaang-mongondow,https://www.elharamainhaji.com/?p=1836,"0812-8729-2422, Haji Plus Kabupaten Bolaang Mongondow"
1837,future,2026-10-04T17:48:02,haji-onh-plus-kabupaten-bolaang-mongondow-selatan,https://www.elharamainhaji.com/?p=1837,"0812-8729-2422, Haji Plus Kabupaten Bolaang Mongondow Selatan"
1838,future,2026-10-05T01:43:31,haji-onh-plus-kabupaten-bolaang-mongondow-timur,https://www.elharamainhaji.com/?p=1838,"0812-8729-2422, Haji Plus Kabupaten Bolaang Mongondow Timur"
1839,future,2026-10-05T19:46:19,haji-onh-plus-kabupaten-bolaang-mongondow-utara,https://www.elharamainhaji.com/?p=1839,"0812-8729-2422, Haji Plus Kabupaten Bolaang Mongondow Utara"
1840,future,2026-10-05T14:39:11,haji-onh-plus-kabupaten-kepulauan-sangihe,https://www.elharamainhaji.com/?p=1840,"0812-8729-2422, Haji Plus Kabupaten Kepulauan Sangihe"
1841,future,2026-10-06T19:00:18,haji-onh-plus-kabupaten-kepulauan-siau-tagulandang-biaro,https://www.elharamainhaji.com/?p=1841,"0812-8729-2422, Haji Plus Kabupaten Kepulauan Siau Tagulandang Biaro"
1842,future,2026-10-06T15:26:59,haji-onh-plus-kabupaten-kepulauan-talaud,https://www.elharamainhaji.com/?p=1842,"0812-8729-2422, Haji Plus Kabupaten Kepulauan Talaud"
1843,future,2026-10-06T19:08:48,haji-onh-plus-kabupaten-minahasa,https://www.elharamainhaji.com/?p=1843,"0812-8729-2422, Haji Plus Kabupaten Minahasa"
1844,future,2026-10-07T16:44:08,haji-onh-plus-kabupaten-minahasa-selatan,https://www.elharamainhaji.com/?p=1844,"0812-8729-2422, Haji Plus Kabupaten Minahasa Selatan"
1845,future,2026-10-07T00:30:35,haji-onh-plus-kabupaten-minahasa-tenggara,https://www.elharamainhaji.com/?p=1845,"0812-8729-2422, Haji Plus Kabupaten Minahasa Tenggara"
1846,future,2026-10-07T15:59:41,haji-onh-plus-kabupaten-minahasa-utara,https://www.elharamainhaji.com/?p=1846,"0812-8729-2422, Haji Plus Kabupaten Minahasa Utara"
1847,future,2026-10-08T13:10:34,haji-onh-plus-kota-bitung,https://www.elharamainhaji.com/?p=1847,"0812-8729-2422, Haji Plus Kota Bitung"
1848,future,2026-10-08T08:28:08,haji-onh-plus-kota-kotamobagu,https://www.elharamainhaji.com/?p=1848,"0812-8729-2422, Haji Plus Kota Kotamobagu"
1849,future,2026-10-08T11:18:53,haji-onh-plus-kota-manado,https://www.elharamainhaji.com/?p=1849,"0812-8729-2422, Haji Plus Kota Manado"
1850,future,2026-10-09T14:04:47,haji-onh-plus-kota-tomohon,https://www.elharamainhaji.com/?p=1850,"0812-8729-2422, Haji Plus Kota Tomohon"
1851,future,2026-10-09T04:30:41,haji-onh-plus-kabupaten-banggai,https://www.elharamainhaji.com/?p=1851,"0812-8729-2422, Haji Plus Kabupaten Banggai"
1852,future,2026-10-09T04:41:27,haji-onh-plus-kabupaten-banggai-kepulauan,https://www.elharamainhaji.com/?p=1852,"0812-8729-2422, Haji Plus Kabupaten Banggai Kepulauan"
1853,future,2026-10-10T13:54:01,haji-onh-plus-kabupaten-banggai-laut,https://www.elharamainhaji.com/?p=1853,"0812-8729-2422, Haji Plus Kabupaten Banggai Laut"
1854,future,2026-10-10T06:47:01,haji-onh-plus-kabupaten-buol,https://www.elharamainhaji.com/?p=1854,"0812-8729-2422, Haji Plus Kabupaten Buol"
1855,future,2026-10-10T13:51:02,haji-onh-plus-kabupaten-donggala,https://www.elharamainhaji.com/?p=1855,"0812-8729-2422, Haji Plus Kabupaten Donggala"
1856,future,2026-10-11T22:05:54,haji-onh-plus-kabupaten-morowali,https://www.elharamainhaji.com/?p=1856,"0812-8729-2422, Haji Plus Kabupaten Morowali"
1857,future,2026-10-11T22:41:37,haji-onh-plus-kabupaten-morowali-utara,https://www.elharamainhaji.com/?p=1857,"0812-8729-2422, Haji Plus Kabupaten Morowali Utara"
1858,future,2026-10-11T09:49:30,haji-onh-plus-kabupaten-parigi-moutong,https://www.elharamainhaji.com/?p=1858,"0812-8729-2422, Haji Plus Kabupaten Parigi Moutong"
1859,future,2026-10-12T14:14:14,haji-onh-plus-kabupaten-poso,https://www.elharamainhaji.com/?p=1859,"0812-8729-2422, Haji Plus Kabupaten Poso"
1860,future,2026-10-12T04:55:41,haji-onh-plus-kabupaten-sigi,https://www.elharamainhaji.com/?p=1860,"0812-8729-2422, Haji Plus Kabupaten Sigi"
1861,future,2026-10-12T19:46:11,haji-onh-plus-kabupaten-tojo-una-una,https://www.elharamainhaji.com/?p=1861,"0812-8729-2422, Haji Plus Kabupaten Tojo Una-Una"
1862,future,2026-10-13T16:21:48,haji-onh-plus-kabupaten-tolitoli,https://www.elharamainhaji.com/?p=1862,"0812-8729-2422, Haji Plus Kabupaten Tolitoli"
1863,future,2026-10-13T07:53:51,haji-onh-plus-kota-palu,https://www.elharamainhaji.com/?p=1863,"0812-8729-2422, Haji Plus Kota Palu"
1864,future,2026-10-13T19:03:15,haji-onh-plus-kabupaten-bantaeng,https://www.elharamainhaji.com/?p=1864,"0812-8729-2422, Haji Plus Kabupaten Bantaeng"
1865,future,2026-10-14T06:02:20,haji-onh-plus-kabupaten-barru,https://www.elharamainhaji.com/?p=1865,"0812-8729-2422, Haji Plus Kabupaten Barru"
1866,future,2026-10-14T00:49:07,haji-onh-plus-kabupaten-bone,https://www.elharamainhaji.com/?p=1866,"0812-8729-2422, Haji Plus Kabupaten Bone"
1867,future,2026-10-14T09:14:34,haji-onh-plus-kabupaten-bulukumba,https://www.elharamainhaji.com/?p=1867,"0812-8729-2422, Haji Plus Kabupaten Bulukumba"
1868,future,2026-10-15T15:02:44,haji-onh-plus-kabupaten-enrekang,https://www.elharamainhaji.com/?p=1868,"0812-8729-2422, Haji Plus Kabupaten Enrekang"
1869,future,2026-10-15T19:52:26,haji-onh-plus-kabupaten-gowa,https://www.elharamainhaji.com/?p=1869,"0812-8729-2422, Haji Plus Kabupaten Gowa"
1870,future,2026-10-15T16:41:13,haji-onh-plus-kabupaten-jeneponto,https://www.elharamainhaji.com/?p=1870,"0812-8729-2422, Haji Plus Kabupaten Jeneponto"
1871,future,2026-10-16T11:33:11,haji-onh-plus-kabupaten-kepulauan-selayar,https://www.elharamainhaji.com/?p=1871,"0812-8729-2422, Haji Plus Kabupaten Kepulauan Selayar"
1872,future,2026-10-16T01:22:54,haji-onh-plus-kabupaten-luwu,https://www.elharamainhaji.com/?p=1872,"0812-8729-2422, Haji Plus Kabupaten Luwu"
1873,future,2026-10-16T19:09:10,haji-onh-plus-kabupaten-luwu-timur,https://www.elharamainhaji.com/?p=1873,"0812-8729-2422, Haji Plus Kabupaten Luwu Timur"
1874,future,2026-10-17T07:56:43,haji-onh-plus-kabupaten-luwu-utara,https://www.elharamainhaji.com/?p=1874,"0812-8729-2422, Haji Plus Kabupaten Luwu Utara"
1875,future,2026-10-17T22:22:26,haji-onh-plus-kabupaten-maros,https://www.elharamainhaji.com/?p=1875,"0812-8729-2422, Haji Plus Kabupaten Maros"
1876,future,2026-10-17T00:44:50,haji-onh-plus-kabupaten-pangkajene-dan-kepulauan,https://www.elharamainhaji.com/?p=1876,"0812-8729-2422, Haji Plus Kabupaten Pangkajene dan Kepulauan"
1877,future,2026-10-18T19:53:37,haji-onh-plus-kabupaten-pinrang,https://www.elharamainhaji.com/?p=1877,"0812-8729-2422, Haji Plus Kabupaten Pinrang"
1878,future,2026-10-18T02:39:46,haji-onh-plus-kabupaten-sidenreng-rappang,https://www.elharamainhaji.com/?p=1878,"0812-8729-2422, Haji Plus Kabupaten Sidenreng Rappang"
1879,future,2026-10-18T17:17:17,haji-onh-plus-kabupaten-sinjai,https://www.elharamainhaji.com/?p=1879,"0812-8729-2422, Haji Plus Kabupaten Sinjai"
1880,future,2026-10-19T02:00:58,haji-onh-plus-kabupaten-soppeng,https://www.elharamainhaji.com/?p=1880,"0812-8729-2422, Haji Plus Kabupaten Soppeng"
1881,future,2026-10-19T09:18:39,haji-onh-plus-kabupaten-takalar,https://www.elharamainhaji.com/?p=1881,"0812-8729-2422, Haji Plus Kabupaten Takalar"
1882,future,2026-10-19T09:20:01,haji-onh-plus-kabupaten-tana-toraja,https://www.elharamainhaji.com/?p=1882,"0812-8729-2422, Haji Plus Kabupaten Tana Toraja"
1883,future,2026-10-20T05:05:09,haji-onh-plus-kabupaten-toraja-utara,https://www.elharamainhaji.com/?p=1883,"0812-8729-2422, Haji Plus Kabupaten Toraja Utara"
1884,future,2026-10-20T04:16:33,haji-onh-plus-kabupaten-wajo,https://www.elharamainhaji.com/?p=1884,"0812-8729-2422, Haji Plus Kabupaten Wajo"
1885,future,2026-10-20T04:32:00,haji-onh-plus-kota-makassar,https://www.elharamainhaji.com/?p=1885,"0812-8729-2422, Haji Plus Kota Makassar"
1886,future,2026-10-21T15:00:00,haji-onh-plus-kota-palopo,https://www.elharamainhaji.com/?p=1886,"0812-8729-2422, Haji Plus Kota Palopo"
1887,future,2026-10-21T20:12:33,haji-onh-plus-kota-parepare,https://www.elharamainhaji.com/?p=1887,"0812-8729-2422, Haji Plus Kota Parepare"
1888,future,2026-10-21T01:53:02,haji-onh-plus-kabupaten-bombana,https://www.elharamainhaji.com/?p=1888,"0812-8729-2422, Haji Plus Kabupaten Bombana"
1889,future,2026-10-22T05:07:36,haji-onh-plus-kabupaten-buton,https://www.elharamainhaji.com/?p=1889,"0812-8729-2422, Haji Plus Kabupaten Buton"
1890,future,2026-10-22T05:48:00,haji-onh-plus-kabupaten-buton-selatan,https://www.elharamainhaji.com/?p=1890,"0812-8729-2422, Haji Plus Kabupaten Buton Selatan"
1891,future,2026-10-22T15:46:03,haji-onh-plus-kabupaten-buton-tengah,https://www.elharamainhaji.com/?p=1891,"0812-8729-2422, Haji Plus Kabupaten Buton Tengah"
1892,future,2026-10-23T17:09:21,haji-onh-plus-kabupaten-buton-utara,https://www.elharamainhaji.com/?p=1892,"0812-8729-2422, Haji Plus Kabupaten Buton Utara"
1893,future,2026-10-23T05:12:55,haji-onh-plus-kabupaten-kolaka,https://www.elharamainhaji.com/?p=1893,"0812-8729-2422, Haji Plus Kabupaten Kolaka"
1894,future,2026-10-23T19:32:53,haji-onh-plus-kabupaten-kolaka-timur,https://www.elharamainhaji.com/?p=1894,"0812-8729-2422, Haji Plus Kabupaten Kolaka Timur"
1895,future,2026-10-24T23:59:56,haji-onh-plus-kabupaten-kolaka-utara,https://www.elharamainhaji.com/?p=1895,"0812-8729-2422, Haji Plus Kabupaten Kolaka Utara"
1896,future,2026-10-24T05:58:54,haji-onh-plus-kabupaten-konawe,https://www.elharamainhaji.com/?p=1896,"0812-8729-2422, Haji Plus Kabupaten Konawe"
1897,future,2026-10-24T22:16:18,haji-onh-plus-kabupaten-konawe-kepulauan,https://www.elharamainhaji.com/?p=1897,"0812-8729-2422, Haji Plus Kabupaten Konawe Kepulauan"
1898,future,2026-10-25T15:04:01,haji-onh-plus-kabupaten-konawe-selatan,https://www.elharamainhaji.com/?p=1898,"0812-8729-2422, Haji Plus Kabupaten Konawe Selatan"
1899,future,2026-10-25T07:07:01,haji-onh-plus-kabupaten-konawe-utara,https://www.elharamainhaji.com/?p=1899,"0812-8729-2422, Haji Plus Kabupaten Konawe Utara"
1900,future,2026-10-25T15:06:19,haji-onh-plus-kabupaten-muna,https://www.elharamainhaji.com/?p=1900,"0812-8729-2422, Haji Plus Kabupaten Muna"
1901,future,2026-10-26T11:11:03,haji-onh-plus-kabupaten-muna-barat,https://www.elharamainhaji.com/?p=1901,"0812-8729-2422, Haji Plus Kabupaten Muna Barat"
1902,future,2026-10-26T01:13:22,haji-onh-plus-kabupaten-wakatobi,https://www.elharamainhaji.com/?p=1902,"0812-8729-2422, Haji Plus Kabupaten Wakatobi"
1903,future,2026-10-26T15:59:30,haji-onh-plus-kota-baubau,https://www.elharamainhaji.com/?p=1903,"0812-8729-2422, Haji Plus Kota Baubau"
1904,future,2026-10-27T16:48:38,haji-onh-plus-kota-kendari,https://www.elharamainhaji.com/?p=1904,"0812-8729-2422, Haji Plus Kota Kendari"
1905,future,2026-10-27T17:42:49,haji-onh-plus-kabupaten-boalemo,https://www.elharamainhaji.com/?p=1905,"0812-8729-2422, Haji Plus Kabupaten Boalemo"
1906,future,2026-10-27T09:43:07,haji-onh-plus-kabupaten-bone-bolango,https://www.elharamainhaji.com/?p=1906,"0812-8729-2422, Haji Plus Kabupaten Bone Bolango"
1907,future,2026-10-28T04:36:37,haji-onh-plus-kabupaten-gorontalo,https://www.elharamainhaji.com/?p=1907,"0812-8729-2422, Haji Plus Kabupaten Gorontalo"
1908,future,2026-10-28T10:51:15,haji-onh-plus-kabupaten-gorontalo-utara,https://www.elharamainhaji.com/?p=1908,"0812-8729-2422, Haji Plus Kabupaten Gorontalo Utara"
1909,future,2026-10-28T18:58:02,haji-onh-plus-kabupaten-pohuwato,https://www.elharamainhaji.com/?p=1909,"0812-8729-2422, Haji Plus Kabupaten Pohuwato"
1910,future,2026-10-29T20:28:46,haji-onh-plus-kota-gorontalo,https://www.elharamainhaji.com/?p=1910,"0812-8729-2422, Haji Plus Kota Gorontalo"
1911,future,2026-10-29T21:51:18,haji-onh-plus-kabupaten-majene,https://www.elharamainhaji.com/?p=1911,"0812-8729-2422, Haji Plus Kabupaten Majene"
1912,future,2026-10-29T03:40:07,haji-onh-plus-kabupaten-mamasa,https://www.elharamainhaji.com/?p=1912,"0812-8729-2422, Haji Plus Kabupaten Mamasa"
1913,future,2026-10-30T04:38:04,haji-onh-plus-kabupaten-mamuju,https://www.elharamainhaji.com/?p=1913,"0812-8729-2422, Haji Plus Kabupaten Mamuju"
1914,future,2026-10-30T18:48:57,haji-onh-plus-kabupaten-mamuju-tengah,https://www.elharamainhaji.com/?p=1914,"0812-8729-2422, Haji Plus Kabupaten Mamuju Tengah"
1915,future,2026-10-30T00:22:33,haji-onh-plus-kabupaten-pasangkayu,https://www.elharamainhaji.com/?p=1915,"0812-8729-2422, Haji Plus Kabupaten Pasangkayu"
1916,future,2026-10-31T16:05:41,haji-onh-plus-kabupaten-polewali-mandar,https://www.elharamainhaji.com/?p=1916,"0812-8729-2422, Haji Plus Kabupaten Polewali Mandar"
1917,future,2026-10-31T07:26:38,haji-onh-plus-kabupaten-buru,https://www.elharamainhaji.com/?p=1917,"0812-8729-2422, Haji Plus Kabupaten Buru"
1918,future,2026-10-31T03:50:07,haji-onh-plus-kabupaten-buru-selatan,https://www.elharamainhaji.com/?p=1918,"0812-8729-2422, Haji Plus Kabupaten Buru Selatan"
1919,future,2026-11-01T11:01:58,haji-onh-plus-kabupaten-kepulauan-aru,https://www.elharamainhaji.com/?p=1919,"0812-8729-2422, Haji Plus Kabupaten Kepulauan Aru"
1920,future,2026-11-01T08:08:45,haji-onh-plus-kabupaten-kepulauan-tanimbar,https://www.elharamainhaji.com/?p=1920,"0812-8729-2422, Haji Plus Kabupaten Kepulauan Tanimbar"
1921,future,2026-11-01T22:10:36,haji-onh-plus-kabupaten-maluku-barat-daya,https://www.elharamainhaji.com/?p=1921,"0812-8729-2422, Haji Plus Kabupaten Maluku Barat Daya"
1922,future,2026-11-02T00:17:33,haji-onh-plus-kabupaten-maluku-tengah,https://www.elharamainhaji.com/?p=1922,"0812-8729-2422, Haji Plus Kabupaten Maluku Tengah"
1923,future,2026-11-02T08:24:20,haji-onh-plus-kabupaten-maluku-tenggara,https://www.elharamainhaji.com/?p=1923,"0812-8729-2422, Haji Plus Kabupaten Maluku Tenggara"
1924,future,2026-11-02T16:15:56,haji-onh-plus-kabupaten-seram-bagian-barat,https://www.elharamainhaji.com/?p=1924,"0812-8729-2422, Haji Plus Kabupaten Seram Bagian Barat"
1925,future,2026-11-03T00:35:15,haji-onh-plus-kabupaten-seram-bagian-timur,https://www.elharamainhaji.com/?p=1925,"0812-8729-2422, Haji Plus Kabupaten Seram Bagian Timur"
1926,future,2026-11-03T06:33:41,haji-onh-plus-kota-ambon,https://www.elharamainhaji.com/?p=1926,"0812-8729-2422, Haji Plus Kota Ambon"
1927,future,2026-11-03T07:20:25,haji-onh-plus-kota-tual,https://www.elharamainhaji.com/?p=1927,"0812-8729-2422, Haji Plus Kota Tual"
1928,future,2026-11-04T17:22:25,haji-onh-plus-kabupaten-halmahera-barat,https://www.elharamainhaji.com/?p=1928,"0812-8729-2422, Haji Plus Kabupaten Halmahera Barat"
1929,future,2026-11-04T08:57:49,haji-onh-plus-kabupaten-halmahera-tengah,https://www.elharamainhaji.com/?p=1929,"0812-8729-2422, Haji Plus Kabupaten Halmahera Tengah"
1930,future,2026-11-04T18:02:14,haji-onh-plus-kabupaten-halmahera-timur,https://www.elharamainhaji.com/?p=1930,"0812-8729-2422, Haji Plus Kabupaten Halmahera Timur"
1931,future,2026-11-05T06:35:40,haji-onh-plus-kabupaten-halmahera-selatan,https://www.elharamainhaji.com/?p=1931,"0812-8729-2422, Haji Plus Kabupaten Halmahera Selatan"
1932,future,2026-11-05T04:27:45,haji-onh-plus-kabupaten-halmahera-utara,https://www.elharamainhaji.com/?p=1932,"0812-8729-2422, Haji Plus Kabupaten Halmahera Utara"
1933,future,2026-11-05T10:40:22,haji-onh-plus-kabupaten-kepulauan-sula,https://www.elharamainhaji.com/?p=1933,"0812-8729-2422, Haji Plus Kabupaten Kepulauan Sula"
1934,future,2026-11-06T08:16:55,haji-onh-plus-kabupaten-pulau-morotai,https://www.elharamainhaji.com/?p=1934,"0812-8729-2422, Haji Plus Kabupaten Pulau Morotai"
1935,future,2026-11-06T07:11:40,haji-onh-plus-kabupaten-pulau-taliabu,https://www.elharamainhaji.com/?p=1935,"0812-8729-2422, Haji Plus Kabupaten Pulau Taliabu"
1936,future,2026-11-06T00:35:53,haji-onh-plus-kota-ternate,https://www.elharamainhaji.com/?p=1936,"0812-8729-2422, Haji Plus Kota Ternate"
1937,future,2026-11-07T10:57:53,haji-onh-plus-kota-tidore-kepulauan,https://www.elharamainhaji.com/?p=1937,"0812-8729-2422, Haji Plus Kota Tidore Kepulauan"
1938,future,2026-11-07T18:46:46,haji-onh-plus-kabupaten-biak-numfor,https://www.elharamainhaji.com/?p=1938,"0812-8729-2422, Haji Plus Kabupaten Biak Numfor"
1939,future,2026-11-07T13:39:08,haji-onh-plus-kabupaten-jayapura,https://www.elharamainhaji.com/?p=1939,"0812-8729-2422, Haji Plus Kabupaten Jayapura"
1940,future,2026-11-08T02:16:00,haji-onh-plus-kabupaten-keerom,https://www.elharamainhaji.com/?p=1940,"0812-8729-2422, Haji Plus Kabupaten Keerom"
1941,future,2026-11-08T06:48:48,haji-onh-plus-kabupaten-kepulauan-yapen,https://www.elharamainhaji.com/?p=1941,"0812-8729-2422, Haji Plus Kabupaten Kepulauan Yapen"
1942,future,2026-11-08T06:23:16,haji-onh-plus-kabupaten-mamberamo-raya,https://www.elharamainhaji.com/?p=1942,"0812-8729-2422, Haji Plus Kabupaten Mamberamo Raya"
1943,future,2026-11-09T16:22:32,haji-onh-plus-kabupaten-sarmi,https://www.elharamainhaji.com/?p=1943,"0812-8729-2422, Haji Plus Kabupaten Sarmi"
1944,future,2026-11-09T10:29:04,haji-onh-plus-kabupaten-supiori,https://www.elharamainhaji.com/?p=1944,"0812-8729-2422, Haji Plus Kabupaten Supiori"
1945,future,2026-11-09T02:32:56,haji-onh-plus-kabupaten-waropen,https://www.elharamainhaji.com/?p=1945,"0812-8729-2422, Haji Plus Kabupaten Waropen"
1946,future,2026-11-10T18:11:34,haji-onh-plus-kota-jayapura,https://www.elharamainhaji.com/?p=1946,"0812-8729-2422, Haji Plus Kota Jayapura"
1947,future,2026-11-10T11:32:46,haji-onh-plus-kabupaten-fakfak,https://www.elharamainhaji.com/?p=1947,"0812-8729-2422, Haji Plus Kabupaten Fakfak"
1948,future,2026-11-10T03:42:23,haji-onh-plus-kabupaten-kaimana,https://www.elharamainhaji.com/?p=1948,"0812-8729-2422, Haji Plus Kabupaten Kaimana"
1949,future,2026-11-11T11:19:54,haji-onh-plus-kabupaten-manokwari,https://www.elharamainhaji.com/?p=1949,"0812-8729-2422, Haji Plus Kabupaten Manokwari"
1950,future,2026-11-11T07:03:10,haji-onh-plus-kabupaten-manokwari-selatan,https://www.elharamainhaji.com/?p=1950,"0812-8729-2422, Haji Plus Kabupaten Manokwari Selatan"
1951,future,2026-11-11T18:10:45,haji-onh-plus-kabupaten-pegunungan-arfak,https://www.elharamainhaji.com/?p=1951,"0812-8729-2422, Haji Plus Kabupaten Pegunungan Arfak"
1952,future,2026-11-12T22:58:55,haji-onh-plus-kabupaten-teluk-bintuni,https://www.elharamainhaji.com/?p=1952,"0812-8729-2422, Haji Plus Kabupaten Teluk Bintuni"
1953,future,2026-11-12T09:58:53,haji-onh-plus-kabupaten-teluk-wondama,https://www.elharamainhaji.com/?p=1953,"0812-8729-2422, Haji Plus Kabupaten Teluk Wondama"
1954,future,2026-11-12T04:12:59,haji-onh-plus-kabupaten-asmat,https://www.elharamainhaji.com/?p=1954,"0812-8729-2422, Haji Plus Kabupaten Asmat"
1955,future,2026-11-13T02:07:44,haji-onh-plus-kabupaten-boven-digoel,https://www.elharamainhaji.com/?p=1955,"0812-8729-2422, Haji Plus Kabupaten Boven Digoel"
1956,future,2026-11-13T11:11:33,haji-onh-plus-kabupaten-mappi,https://www.elharamainhaji.com/?p=1956,"0812-8729-2422, Haji Plus Kabupaten Mappi"
1957,future,2026-11-13T15:44:37,haji-onh-plus-kabupaten-merauke,https://www.elharamainhaji.com/?p=1957,"0812-8729-2422, Haji Plus Kabupaten Merauke"
1958,future,2026-11-14T04:28:10,haji-onh-plus-kabupaten-deiyai,https://www.elharamainhaji.com/?p=1958,"0812-8729-2422, Haji Plus Kabupaten Deiyai"
1959,future,2026-11-14T23:46:17,haji-onh-plus-kabupaten-dogiyai,https://www.elharamainhaji.com/?p=1959,"0812-8729-2422, Haji Plus Kabupaten Dogiyai"
1960,future,2026-11-14T07:09:53,haji-onh-plus-kabupaten-intan-jaya,https://www.elharamainhaji.com/?p=1960,"0812-8729-2422, Haji Plus Kabupaten Intan Jaya"
1961,future,2026-11-15T04:03:12,haji-onh-plus-kabupaten-mimika,https://www.elharamainhaji.com/?p=1961,"0812-8729-2422, Haji Plus Kabupaten Mimika"
1962,future,2026-11-15T13:50:15,haji-onh-plus-kabupaten-nabire,https://www.elharamainhaji.com/?p=1962,"0812-8729-2422, Haji Plus Kabupaten Nabire"
1963,future,2026-11-15T15:51:58,haji-onh-plus-kabupaten-paniai,https://www.elharamainhaji.com/?p=1963,"0812-8729-2422, Haji Plus Kabupaten Paniai"
1964,future,2026-11-16T08:37:34,haji-onh-plus-kabupaten-puncak,https://www.elharamainhaji.com/?p=1964,"0812-8729-2422, Haji Plus Kabupaten Puncak"
1965,future,2026-11-16T15:57:51,haji-onh-plus-kabupaten-puncak-jaya,https://www.elharamainhaji.com/?p=1965,"0812-8729-2422, Haji Plus Kabupaten Puncak Jaya"
1966,future,2026-11-16T19:12:53,haji-onh-plus-kabupaten-jayawijaya,https://www.elharamainhaji.com/?p=1966,"0812-8729-2422, Haji Plus Kabupaten Jayawijaya"
1967,future,2026-11-17T23:44:57,haji-onh-plus-kabupaten-lanny-jaya,https://www.elharamainhaji.com/?p=1967,"0812-8729-2422, Haji Plus Kabupaten Lanny Jaya"
1968,future,2026-11-17T06:47:17,haji-onh-plus-kabupaten-mamberamo-tengah,https://www.elharamainhaji.com/?p=1968,"0812-8729-2422, Haji Plus Kabupaten Mamberamo Tengah"
1969,future,2026-11-17T23:46:05,haji-onh-plus-kabupaten-nduga,https://www.elharamainhaji.com/?p=1969,"0812-8729-2422, Haji Plus Kabupaten Nduga"
1970,future,2026-11-18T15:14:42,haji-onh-plus-kabupaten-pegunungan-bintang,https://www.elharamainhaji.com/?p=1970,"0812-8729-2422, Haji Plus Kabupaten Pegunungan Bintang"
1971,future,2026-11-18T19:06:23,haji-onh-plus-kabupaten-tolikara,https://www.elharamainhaji.com/?p=1971,"0812-8729-2422, Haji Plus Kabupaten Tolikara"
1972,future,2026-11-18T14:29:53,haji-onh-plus-kabupaten-yalimo,https://www.elharamainhaji.com/?p=1972,"0812-8729-2422, Haji Plus Kabupaten Yalimo"
1973,future,2026-11-19T19:34:43,haji-onh-plus-kabupaten-yahukimo,https://www.elharamainhaji.com/?p=1973,"0812-8729-2422, Haji Plus Kabupaten Yahukimo"
1974,future,2026-11-19T20:24:09,haji-onh-plus-kabupaten-maybrat,https://www.elharamainhaji.com/?p=1974,"0812-8729-2422, Haji Plus Kabupaten Maybrat"
1975,future,2026-11-19T02:43:32,haji-onh-plus-kabupaten-raja-ampat,https://www.elharamainhaji.com/?p=1975,"0812-8729-2422, Haji Plus Kabupaten Raja Ampat"
1978,future,2026-11-20T14:41:52,haji-onh-plus-kabupaten-tambrauw,https://www.elharamainhaji.com/?p=1978,"0812-8729-2422, Haji Plus Kabupaten Tambrauw"
